ID,Kapitel,Dateiname,Bildpfad,Titel,Jahr,Technik,Maße,Preis,Verfügbarkeit,Text
wg-aquarell-1955-1970-02,1960 - Aquarell,WG-Aquarell-1955-1970-02.jpg,assets/wolfgang-grope/WG-Aquarell-1955-1970-02.jpg,Aquarell,—,Aquarell,—,,,
wg-aquarell-1955-1970-03,1960 - Aquarell,WG-Aquarell-1955-1970-03.jpg,assets/wolfgang-grope/WG-Aquarell-1955-1970-03.jpg,Aquarell,—,Aquarell,—,,,
wg-aquarell-1955-1970-04,1960 - Aquarell,WG-Aquarell-1955-1970-04.jpg,assets/wolfgang-grope/WG-Aquarell-1955-1970-04.jpg,Aquarell,—,Aquarell,—,,,
wg-aquarell-1955-1970-05,1960 - Aquarell,WG-Aquarell-1955-1970-05.jpg,assets/wolfgang-grope/WG-Aquarell-1955-1970-05.jpg,Aquarell,—,Aquarell,—,,,
wg-aquarell-1955-1970-06,1960 - Aquarell,WG-Aquarell-1955-1970-06.jpg,assets/wolfgang-grope/WG-Aquarell-1955-1970-06.jpg,Aquarell,—,Aquarell,—,,,
wg-oel-1955-1970-07,1970 - Acryl,WG-Oel-1955-1970-07.jpg,assets/wolfgang-grope/WG-Oel-1955-1970-07.jpg,Acryl,—,Acryl,—,,,
wg-oel-1955-1970-08,1970 - Acryl,WG-Oel-1955-1970-08.jpg,assets/wolfgang-grope/WG-Oel-1955-1970-08.jpg,Acryl,—,Acryl,—,,,
wg-oel-1955-1970-09,1970 - Acryl,WG-Oel-1955-1970-09.jpg,assets/wolfgang-grope/WG-Oel-1955-1970-09.jpg,Acryl,—,Acryl,—,,,
wg-oel-1955-1970-10,1970 - Acryl,WG-Oel-1955-1970-10.jpg,assets/wolfgang-grope/WG-Oel-1955-1970-10.jpg,Acryl,—,Acryl,—,,,
wg-oel-1955-1970-11,1970 - Acryl,WG-Oel-1955-1970-11.jpg,assets/wolfgang-grope/WG-Oel-1955-1970-11.jpg,Acryl,—,Acryl,—,,,
wg-grafik-1972-1974-01,1972 - 1974 Radierungen,WG-Grafik-1972-1974-01.jpg,assets/wolfgang-grope/WG-Grafik-1972-1974-01.jpg,Radierung,—,Radierung,—,,,
wg-grafik-1972-1974-02,1972 - 1974 Radierungen,WG-Grafik-1972-1974-02.jpg,assets/wolfgang-grope/WG-Grafik-1972-1974-02.jpg,Radierung,—,Radierung,—,,,
wg-grafik-1972-1974-03,1972 - 1974 Radierungen,WG-Grafik-1972-1974-03.jpg,assets/wolfgang-grope/WG-Grafik-1972-1974-03.jpg,Radierung,—,Radierung,—,,,
wg-grafik-1972-1974-04,1972 - 1974 Radierungen,WG-Grafik-1972-1974-04.jpg,assets/wolfgang-grope/WG-Grafik-1972-1974-04.jpg,Radierung,—,Radierung,—,,,
wg-grafik-1972-1974-05,1972 - 1974 Radierungen,WG-Grafik-1972-1974-05.jpg,assets/wolfgang-grope/WG-Grafik-1972-1974-05.jpg,Radierung,—,Radierung,—,,,
wg-grafik-1972-1974-06,1972 - 1974 Radierungen,WG-Grafik-1972-1974-06.jpg,assets/wolfgang-grope/WG-Grafik-1972-1974-06.jpg,Radierung,—,Radierung,—,,,
wg-grafik-1972-1974-07,1972 - 1974 Radierungen,WG-Grafik-1972-1974-07.jpg,assets/wolfgang-grope/WG-Grafik-1972-1974-07.jpg,Radierung,—,Radierung,—,,,
wg-grafik-1972-1974-08,1972 - 1974 Radierungen,WG-Grafik-1972-1974-08.jpg,assets/wolfgang-grope/WG-Grafik-1972-1974-08.jpg,Radierung,—,Radierung,—,,,
wg-grafik-1972-1974-09,1972 - 1974 Radierungen,WG-Grafik-1972-1974-09.jpg,assets/wolfgang-grope/WG-Grafik-1972-1974-09.jpg,Radierung,—,Radierung,—,,,
wg-grafik-1972-1974-10,1972 - 1974 Radierungen,WG-Grafik-1972-1974-10.jpg,assets/wolfgang-grope/WG-Grafik-1972-1974-10.jpg,Radierung,—,Radierung,—,,,
wg-grafik-1972-1974-12,1972 - 1974 Radierungen,WG-Grafik-1972-1974-12.jpg,assets/wolfgang-grope/WG-Grafik-1972-1974-12.jpg,Radierung,—,Radierung,—,,,
wg-grafik-1972-1974-13,1972 - 1974 Radierungen,WG-Grafik-1972-1974-13.jpg,assets/wolfgang-grope/WG-Grafik-1972-1974-13.jpg,Radierung,—,Radierung,—,,,
wg-grafik-1972-1974-17,1972 - 1974 Radierungen,WG-Grafik-1972-1974-17.jpg,assets/wolfgang-grope/WG-Grafik-1972-1974-17.jpg,Radierung,—,Radierung,—,,,
wg-grafik-1972-1974-20,1972 - 1974 Radierungen,WG-Grafik-1972-1974-20.jpg,assets/wolfgang-grope/WG-Grafik-1972-1974-20.jpg,Radierung,—,Radierung,—,,,
wg-grafik-1972-1974-21,1972 - 1974 Radierungen,WG-Grafik-1972-1974-21.jpg,assets/wolfgang-grope/WG-Grafik-1972-1974-21.jpg,Radierung,—,Radierung,—,,,
wg-grafik-1972-1974-22,1972 - 1974 Radierungen,WG-Grafik-1972-1974-22.jpg,assets/wolfgang-grope/WG-Grafik-1972-1974-22.jpg,Radierung,—,Radierung,—,,,
wg-grafik-1972-1974-23,1972 - 1974 Radierungen,WG-Grafik-1972-1974-23.jpg,assets/wolfgang-grope/WG-Grafik-1972-1974-23.jpg,Radierung,—,Radierung,—,,,
wg-grafik-1972-1974-24,1972 - 1974 Radierungen,WG-Grafik-1972-1974-24.jpg,assets/wolfgang-grope/WG-Grafik-1972-1974-24.jpg,Radierung,—,Radierung,—,,,
wg-grafik-1972-1974-25,1972 - 1974 Radierungen,WG-Grafik-1972-1974-25.jpg,assets/wolfgang-grope/WG-Grafik-1972-1974-25.jpg,Radierung,—,Radierung,—,,,
wg-grafik-1972-1974-26,1972 - 1974 Radierungen,WG-Grafik-1972-1974-26.jpg,assets/wolfgang-grope/WG-Grafik-1972-1974-26.jpg,Radierung,—,Radierung,—,,,
wg-grafik-1972-1974-27,1972 - 1974 Radierungen,WG-Grafik-1972-1974-27.jpg,assets/wolfgang-grope/WG-Grafik-1972-1974-27.jpg,Radierung,—,Radierung,—,,,
wg-grafik-1972-1974-28,1972 - 1974 Radierungen,WG-Grafik-1972-1974-28.jpg,assets/wolfgang-grope/WG-Grafik-1972-1974-28.jpg,Radierung,—,Radierung,—,,,
wg-grafik-1972-1974-29,1972 - 1974 Radierungen,WG-Grafik-1972-1974-29.jpg,assets/wolfgang-grope/WG-Grafik-1972-1974-29.jpg,Radierung,—,Radierung,—,,,
wg-grafik-1972-1974-30,1972 - 1974 Radierungen,WG-Grafik-1972-1974-30.jpg,assets/wolfgang-grope/WG-Grafik-1972-1974-30.jpg,Radierung,—,Radierung,—,,,
wg-grafik-1972-1974-31,1972 - 1974 Radierungen,WG-Grafik-1972-1974-31.jpg,assets/wolfgang-grope/WG-Grafik-1972-1974-31.jpg,Radierung,—,Radierung,—,,,
wg-grafik-1972-1974-32,1972 - 1974 Radierungen,WG-Grafik-1972-1974-32.jpg,assets/wolfgang-grope/WG-Grafik-1972-1974-32.jpg,Radierung,—,Radierung,—,,,
wg-grafik-1972-1974-33,1972 - 1974 Radierungen,WG-Grafik-1972-1974-33.jpg,assets/wolfgang-grope/WG-Grafik-1972-1974-33.jpg,Radierung,—,Radierung,—,,,
wg-grafik-1972-1974-34,1972 - 1974 Radierungen,WG-Grafik-1972-1974-34.jpg,assets/wolfgang-grope/WG-Grafik-1972-1974-34.jpg,Radierung,—,Radierung,—,,,
wg-grafik-1972-1974-35,1972 - 1974 Radierungen,WG-Grafik-1972-1974-35.jpg,assets/wolfgang-grope/WG-Grafik-1972-1974-35.jpg,Radierung,—,Radierung,—,,,
wg-grafik-1972-1974-36,1972 - 1974 Radierungen,WG-Grafik-1972-1974-36.jpg,assets/wolfgang-grope/WG-Grafik-1972-1974-36.jpg,Radierung,—,Radierung,—,,,
wg-grafik-1972-1974-37,1972 - 1974 Radierungen,WG-Grafik-1972-1974-37.jpg,assets/wolfgang-grope/WG-Grafik-1972-1974-37.jpg,Radierung,—,Radierung,—,,,
wg-grafik-1972-1974-38,1972 - 1974 Radierungen,WG-Grafik-1972-1974-38.jpg,assets/wolfgang-grope/WG-Grafik-1972-1974-38.jpg,Radierung,—,Radierung,—,,,
wg-grafik-1972-1974-39,1972 - 1974 Radierungen,WG-Grafik-1972-1974-39.jpg,assets/wolfgang-grope/WG-Grafik-1972-1974-39.jpg,Radierung,—,Radierung,—,,,
wg-grafik-1972-1974-40,1972 - 1974 Radierungen,WG-Grafik-1972-1974-40.jpg,assets/wolfgang-grope/WG-Grafik-1972-1974-40.jpg,Radierung,—,Radierung,—,,,
wg-grafik-1972-1974-41,1972 - 1974 Radierungen,WG-Grafik-1972-1974-41.jpg,assets/wolfgang-grope/WG-Grafik-1972-1974-41.jpg,Radierung,—,Radierung,—,,,
wg-grafik-1972-1974-42,1972 - 1974 Radierungen,WG-Grafik-1972-1974-42.jpg,assets/wolfgang-grope/WG-Grafik-1972-1974-42.jpg,Radierung,—,Radierung,—,,,
wg-grafik-1972-1974-43,1972 - 1974 Radierungen,WG-Grafik-1972-1974-43.jpg,assets/wolfgang-grope/WG-Grafik-1972-1974-43.jpg,Radierung,—,Radierung,—,,,
wg-grafik-1972-1974-44,1972 - 1974 Radierungen,WG-Grafik-1972-1974-44.jpg,assets/wolfgang-grope/WG-Grafik-1972-1974-44.jpg,Radierung,—,Radierung,—,,,
wg-grafik-1972-1974-45,1972 - 1974 Radierungen,WG-Grafik-1972-1974-45.jpg,assets/wolfgang-grope/WG-Grafik-1972-1974-45.jpg,Radierung,—,Radierung,—,,,
wg-grafik-1972-1974-46,1972 - 1974 Radierungen,WG-Grafik-1972-1974-46.jpg,assets/wolfgang-grope/WG-Grafik-1972-1974-46.jpg,Radierung,—,Radierung,—,,,
wg-grafik-1972-1974-47,1972 - 1974 Radierungen,WG-Grafik-1972-1974-47.jpg,assets/wolfgang-grope/WG-Grafik-1972-1974-47.jpg,Radierung,—,Radierung,—,,,
wg-grafik-1972-1974-48,1972 - 1974 Radierungen,WG-Grafik-1972-1974-48.jpg,assets/wolfgang-grope/WG-Grafik-1972-1974-48.jpg,Radierung,—,Radierung,—,,,
wg-grafik-1972-1974-49,1972 - 1974 Radierungen,WG-Grafik-1972-1974-49.jpg,assets/wolfgang-grope/WG-Grafik-1972-1974-49.jpg,Radierung,—,Radierung,—,,,
wg-grafik-1972-1974-50,1972 - 1974 Radierungen,WG-Grafik-1972-1974-50.jpg,assets/wolfgang-grope/WG-Grafik-1972-1974-50.jpg,Radierung,—,Radierung,—,,,
wg-grafik-1972-1974-51,1972 - 1974 Radierungen,WG-Grafik-1972-1974-51.jpg,assets/wolfgang-grope/WG-Grafik-1972-1974-51.jpg,Radierung,—,Radierung,—,,,
wg-grafik-1972-1974-59,1972 - 1974 Radierungen,WG-Grafik-1972-1974-59.jpg,assets/wolfgang-grope/WG-Grafik-1972-1974-59.jpg,Radierung,—,Radierung,—,,,
wg-grafik-1972-1974-60,1972 - 1974 Radierungen,WG-Grafik-1972-1974-60.jpg,assets/wolfgang-grope/WG-Grafik-1972-1974-60.jpg,Radierung,—,Radierung,—,,,
wg-grafik-1972-1974-14,1973 - 1974 - Holzschnitt,WG-Grafik-1972-1974-14.jpg,assets/wolfgang-grope/WG-Grafik-1972-1974-14.jpg,Holzschnitt,—,Holzschnitt,—,,,
wg-grafik-1972-1974-15,1973 - 1974 - Holzschnitt,WG-Grafik-1972-1974-15.jpg,assets/wolfgang-grope/WG-Grafik-1972-1974-15.jpg,Holzschnitt,—,Holzschnitt,—,,,
wg-grafik-1972-1974-16,1973 - 1974 - Holzschnitt,WG-Grafik-1972-1974-16.jpg,assets/wolfgang-grope/WG-Grafik-1972-1974-16.jpg,Holzschnitt,—,Holzschnitt,—,,,
wg-grafik-1972-1974-18,1973 - 1974 - Holzschnitt,WG-Grafik-1972-1974-18.jpg,assets/wolfgang-grope/WG-Grafik-1972-1974-18.jpg,Holzschnitt,—,Holzschnitt,—,,,
wg-grafik-1972-1974-19,1973 - 1974 - Holzschnitt,WG-Grafik-1972-1974-19.jpg,assets/wolfgang-grope/WG-Grafik-1972-1974-19.jpg,Holzschnitt,—,Holzschnitt,—,,,
wg-grafik-1972-1974-52,1973 - 1974 - Holzschnitt,WG-Grafik-1972-1974-52.jpg,assets/wolfgang-grope/WG-Grafik-1972-1974-52.jpg,Holzschnitt,—,Holzschnitt,—,,,
wg-grafik-1972-1974-53,1973 - 1974 - Holzschnitt,WG-Grafik-1972-1974-53.jpg,assets/wolfgang-grope/WG-Grafik-1972-1974-53.jpg,Holzschnitt,—,Holzschnitt,—,,,
wg-grafik-1972-1974-54,1973 - 1974 - Holzschnitt,WG-Grafik-1972-1974-54.jpg,assets/wolfgang-grope/WG-Grafik-1972-1974-54.jpg,Holzschnitt,—,Holzschnitt,—,,,
wg-grafik-1972-1974-55,1973 - 1974 - Holzschnitt,WG-Grafik-1972-1974-55.jpg,assets/wolfgang-grope/WG-Grafik-1972-1974-55.jpg,Holzschnitt,—,Holzschnitt,—,,,
wg-grafik-1972-1974-57,1973 - 1974 - Holzschnitt,WG-Grafik-1972-1974-57.jpg,assets/wolfgang-grope/WG-Grafik-1972-1974-57.jpg,Holzschnitt,—,Holzschnitt,—,,,
wg-grafik-1972-1974-56,1973 - 1974 - Holzschnitt,WG-Grafik-1972-1974-56.jpg,assets/wolfgang-grope/WG-Grafik-1972-1974-56.jpg,Holzschnitt,—,Holzschnitt,—,,,
wg-grafik-1972-1974-58,1973 - 1974 - Holzschnitt,WG-Grafik-1972-1974-58.jpg,assets/wolfgang-grope/WG-Grafik-1972-1974-58.jpg,Holzschnitt,—,Holzschnitt,—,,,
wg-gemaelde-1974-01,1974 Drei Ölgemälde,WG-Gemaelde-1974-01.jpg,assets/wolfgang-grope/WG-Gemaelde-1974-01.jpg,Gemälde,—,Gemälde,—,,,
wg-gemaelde-1974-02,1974 Drei Ölgemälde,WG-Gemaelde-1974-02.jpg,assets/wolfgang-grope/WG-Gemaelde-1974-02.jpg,Gemälde,—,Gemälde,—,,,
wg-gemaelde-1974-03,1974 Drei Ölgemälde,WG-Gemaelde-1974-03.jpg,assets/wolfgang-grope/WG-Gemaelde-1974-03.jpg,Gemälde,—,Gemälde,—,,,
wg-grafik-1975-1979-01,1975 - 1979 Radierungen,WG-Grafik-1975-1979-01.jpg,assets/wolfgang-grope/WG-Grafik-1975-1979-01.jpg,Radierung,—,Radierung,—,,,
wg-grafik-1975-1979-02,1975 - 1979 Radierungen,WG-Grafik-1975-1979-02.jpg,assets/wolfgang-grope/WG-Grafik-1975-1979-02.jpg,Radierung,—,Radierung,—,,,
wg-grafik-1975-1979-03,1975 - 1979 Radierungen,WG-Grafik-1975-1979-03.jpg,assets/wolfgang-grope/WG-Grafik-1975-1979-03.jpg,Radierung,—,Radierung,—,,,
wg-grafik-1975-1979-04,1975 - 1979 Radierungen,WG-Grafik-1975-1979-04.jpg,assets/wolfgang-grope/WG-Grafik-1975-1979-04.jpg,Radierung,—,Radierung,—,,,
wg-grafik-1975-1979-05,1975 - 1979 Radierungen,WG-Grafik-1975-1979-05.jpg,assets/wolfgang-grope/WG-Grafik-1975-1979-05.jpg,Radierung,—,Radierung,—,,,
wg-grafik-1975-1979-06,1975 - 1979 Radierungen,WG-Grafik-1975-1979-06.jpg,assets/wolfgang-grope/WG-Grafik-1975-1979-06.jpg,Radierung,—,Radierung,—,,,
wg-grafik-1975-1979-07,1975 - 1979 Radierungen,WG-Grafik-1975-1979-07.jpg,assets/wolfgang-grope/WG-Grafik-1975-1979-07.jpg,Radierung,—,Radierung,—,,,
wg-grafik-1975-1979-08,1975 - 1979 Radierungen,WG-Grafik-1975-1979-08.jpg,assets/wolfgang-grope/WG-Grafik-1975-1979-08.jpg,Radierung,—,Radierung,—,,,
wg-grafik-1975-1979-09,1975 - 1979 Radierungen,WG-Grafik-1975-1979-09.jpg,assets/wolfgang-grope/WG-Grafik-1975-1979-09.jpg,Radierung,—,Radierung,—,,,
wg-grafik-1975-1979-10,1975 - 1979 Radierungen,WG-Grafik-1975-1979-10.jpg,assets/wolfgang-grope/WG-Grafik-1975-1979-10.jpg,Radierung,—,Radierung,—,,,
wg-grafik-1975-1979-11,1975 - 1979 Radierungen,WG-Grafik-1975-1979-11.jpg,assets/wolfgang-grope/WG-Grafik-1975-1979-11.jpg,Radierung,—,Radierung,—,,,
wg-grafik-1975-1979-12,1975 - 1979 Radierungen,WG-Grafik-1975-1979-12.jpg,assets/wolfgang-grope/WG-Grafik-1975-1979-12.jpg,Radierung,—,Radierung,—,,,
wg-grafik-1975-1979-13,1975 - 1979 Radierungen,WG-Grafik-1975-1979-13.jpg,assets/wolfgang-grope/WG-Grafik-1975-1979-13.jpg,Radierung,—,Radierung,—,,,
wg-grafik-1975-1979-14,1975 - 1979 Radierungen,WG-Grafik-1975-1979-14.jpg,assets/wolfgang-grope/WG-Grafik-1975-1979-14.jpg,Radierung,—,Radierung,—,,,
wg-grafik-1975-1979-15,1975 - 1979 Radierungen,WG-Grafik-1975-1979-15.jpg,assets/wolfgang-grope/WG-Grafik-1975-1979-15.jpg,Radierung,—,Radierung,—,,,
wg-grafik-1975-1979-16,1975 - 1979 Radierungen,WG-Grafik-1975-1979-16.jpg,assets/wolfgang-grope/WG-Grafik-1975-1979-16.jpg,Radierung,—,Radierung,—,,,
wg-grafik-1975-1979-17,1975 - 1979 Radierungen,WG-Grafik-1975-1979-17.jpg,assets/wolfgang-grope/WG-Grafik-1975-1979-17.jpg,Radierung,—,Radierung,—,,,
wg-grafik-1975-1979-18,1975 - 1979 Radierungen,WG-Grafik-1975-1979-18.jpg,assets/wolfgang-grope/WG-Grafik-1975-1979-18.jpg,Radierung,—,Radierung,—,,,
wg-grafik-1975-1979-19,1975 - 1979 Radierungen,WG-Grafik-1975-1979-19.jpg,assets/wolfgang-grope/WG-Grafik-1975-1979-19.jpg,Radierung,—,Radierung,—,,,
wg-grafik-1975-1979-20,1975 - 1979 Radierungen,WG-Grafik-1975-1979-20.jpg,assets/wolfgang-grope/WG-Grafik-1975-1979-20.jpg,Radierung,—,Radierung,—,,,
wg-grafik-1975-1979-21,1975 - 1979 Radierungen,WG-Grafik-1975-1979-21.jpg,assets/wolfgang-grope/WG-Grafik-1975-1979-21.jpg,Radierung,—,Radierung,—,,,
wg-grafik-1975-1979-22,1975 - 1979 Radierungen,WG-Grafik-1975-1979-22.jpg,assets/wolfgang-grope/WG-Grafik-1975-1979-22.jpg,Radierung,—,Radierung,—,,,
wg-grafik-1975-1979-23,1975 - 1979 Radierungen,WG-Grafik-1975-1979-23.jpg,assets/wolfgang-grope/WG-Grafik-1975-1979-23.jpg,Radierung,—,Radierung,—,,,
wg-grafik-1975-1979-24,1975 - 1979 Radierungen,WG-Grafik-1975-1979-24.jpg,assets/wolfgang-grope/WG-Grafik-1975-1979-24.jpg,Radierung,—,Radierung,—,,,
wg-grafik-1975-1979-25,1975 - 1979 Radierungen,WG-Grafik-1975-1979-25.jpg,assets/wolfgang-grope/WG-Grafik-1975-1979-25.jpg,Radierung,—,Radierung,—,,,
wg-grafik-1975-1979-26,1975 - 1979 Radierungen,WG-Grafik-1975-1979-26.jpg,assets/wolfgang-grope/WG-Grafik-1975-1979-26.jpg,Radierung,—,Radierung,—,,,
wg-grafik-1975-1979-27,1975 - 1979 Radierungen,WG-Grafik-1975-1979-27.jpg,assets/wolfgang-grope/WG-Grafik-1975-1979-27.jpg,Radierung,—,Radierung,—,,,
wg-grafik-1975-1979-28,1975 - 1979 Radierungen,WG-Grafik-1975-1979-28.jpg,assets/wolfgang-grope/WG-Grafik-1975-1979-28.jpg,Radierung,—,Radierung,—,,,
wg-zeichnung-1975-1979-29,1975 - 1979 Radierungen,WG-Zeichnung-1975-1979-29.jpg,assets/wolfgang-grope/WG-Zeichnung-1975-1979-29.jpg,Zeichnung,—,Zeichnung,—,,,
wg-zeichnung-1975-1979-30,1975 - 1979 Radierungen,WG-Zeichnung-1975-1979-30.jpg,assets/wolfgang-grope/WG-Zeichnung-1975-1979-30.jpg,Zeichnung,—,Zeichnung,—,,,
wg-grafik-1975-1979-31,1975 - 1979 Radierungen,WG-Grafik-1975-1979-31.jpg,assets/wolfgang-grope/WG-Grafik-1975-1979-31.jpg,Radierung,—,Radierung,—,,,
wg-zeichnung-1975-1979-32,1975 - 1979 Radierungen,WG-Zeichnung-1975-1979-32.jpg,assets/wolfgang-grope/WG-Zeichnung-1975-1979-32.jpg,Zeichnung,—,Zeichnung,—,,,
wg-grafik-1975-1979-33,1975 - 1979 Radierungen,WG-Grafik-1975-1979-33.jpg,assets/wolfgang-grope/WG-Grafik-1975-1979-33.jpg,Radierung,—,Radierung,—,,,
wg-grafik-1975-1979-34,1975 - 1979 Radierungen,WG-Grafik-1975-1979-34.jpg,assets/wolfgang-grope/WG-Grafik-1975-1979-34.jpg,Radierung,—,Radierung,—,,,
wg-grafik-1975-1979-35,1975 - 1979 Radierungen,WG-Grafik-1975-1979-35.jpg,assets/wolfgang-grope/WG-Grafik-1975-1979-35.jpg,Radierung,—,Radierung,—,,,
wg-grafik-1975-1979-36,1975 - 1979 Radierungen,WG-Grafik-1975-1979-36.jpg,assets/wolfgang-grope/WG-Grafik-1975-1979-36.jpg,Radierung,—,Radierung,—,,,
wg-grafik-1975-1979-37,1975 - 1979 Radierungen,WG-Grafik-1975-1979-37.jpg,assets/wolfgang-grope/WG-Grafik-1975-1979-37.jpg,Radierung,—,Radierung,—,,,
wg-grafik-1975-1979-38,1975 - 1979 Radierungen,WG-Grafik-1975-1979-38.jpg,assets/wolfgang-grope/WG-Grafik-1975-1979-38.jpg,Radierung,—,Radierung,—,,,
wg-grafik-1975-1979-39,1975 - 1979 Radierungen,WG-Grafik-1975-1979-39.jpg,assets/wolfgang-grope/WG-Grafik-1975-1979-39.jpg,Radierung,—,Radierung,—,,,
wg-grafik-1975-1979-40,1975 - 1979 Radierungen,WG-Grafik-1975-1979-40.jpg,assets/wolfgang-grope/WG-Grafik-1975-1979-40.jpg,Radierung,—,Radierung,—,,,
wg-grafik-1975-1979-41,1975 - 1979 Radierungen,WG-Grafik-1975-1979-41.jpg,assets/wolfgang-grope/WG-Grafik-1975-1979-41.jpg,Radierung,—,Radierung,—,,,
wg-grafik-1975-1979-42,1975 - 1979 Radierungen,WG-Grafik-1975-1979-42.jpg,assets/wolfgang-grope/WG-Grafik-1975-1979-42.jpg,Radierung,—,Radierung,—,,,
wg-grafik-1975-1979-43,1975 - 1979 Radierungen,WG-Grafik-1975-1979-43.jpg,assets/wolfgang-grope/WG-Grafik-1975-1979-43.jpg,Radierung,—,Radierung,—,,,
wg-grafik-1975-1979-44,1975 - 1979 Radierungen,WG-Grafik-1975-1979-44.jpg,assets/wolfgang-grope/WG-Grafik-1975-1979-44.jpg,Radierung,—,Radierung,—,,,
wg-grafik-1975-1979-45,1975 - 1979 Radierungen,WG-Grafik-1975-1979-45.jpg,assets/wolfgang-grope/WG-Grafik-1975-1979-45.jpg,Radierung,—,Radierung,—,,,
wg-grafik-1975-1979-46,1975 - 1979 Radierungen,WG-Grafik-1975-1979-46.jpg,assets/wolfgang-grope/WG-Grafik-1975-1979-46.jpg,Radierung,—,Radierung,—,,,
wg-grafik-1975-1979-47,1975 - 1979 Radierungen,WG-Grafik-1975-1979-47.jpg,assets/wolfgang-grope/WG-Grafik-1975-1979-47.jpg,Radierung,—,Radierung,—,,,
wg-grafik-1975-1979-48,1975 - 1979 Radierungen,WG-Grafik-1975-1979-48.jpg,assets/wolfgang-grope/WG-Grafik-1975-1979-48.jpg,Radierung,—,Radierung,—,,,
wg-grafik-1975-1979-49,1975 - 1979 Radierungen,WG-Grafik-1975-1979-49.jpg,assets/wolfgang-grope/WG-Grafik-1975-1979-49.jpg,Radierung,—,Radierung,—,,,
wg-zeichnung-1976-1991-01,1976 - 1991 Zeichnungen und Gemälde,WG-Zeichnung-1976-1991-01.jpg,assets/wolfgang-grope/WG-Zeichnung-1976-1991-01.jpg,Zeichnung,—,Zeichnung,—,,,
wg-zeichnung-1976-1991-02,1976 - 1991 Zeichnungen und Gemälde,WG-Zeichnung-1976-1991-02.jpg,assets/wolfgang-grope/WG-Zeichnung-1976-1991-02.jpg,Zeichnung,—,Zeichnung,—,,,
wg-zeichnung-1976-1991-03,1976 - 1991 Zeichnungen und Gemälde,WG-Zeichnung-1976-1991-03.jpg,assets/wolfgang-grope/WG-Zeichnung-1976-1991-03.jpg,Zeichnung,—,Zeichnung,—,,,
wg-gemaelde-1976-1991-04,1976 - 1991 Zeichnungen und Gemälde,WG-Gemaelde-1976-1991-04.jpg,assets/wolfgang-grope/WG-Gemaelde-1976-1991-04.jpg,Gemälde,—,Gemälde,—,,,
wg-gemaelde-1976-1991-05,1976 - 1991 Zeichnungen und Gemälde,WG-Gemaelde-1976-1991-05.jpg,assets/wolfgang-grope/WG-Gemaelde-1976-1991-05.jpg,Gemälde,—,Gemälde,—,,,
wg-gemaelde-1976-1991-06,1976 - 1991 Zeichnungen und Gemälde,WG-Gemaelde-1976-1991-06.jpg,assets/wolfgang-grope/WG-Gemaelde-1976-1991-06.jpg,Gemälde,—,Gemälde,—,,,
wg-zeichnung-1976-1991-07,1976 - 1991 Zeichnungen und Gemälde,WG-Zeichnung-1976-1991-07.jpg,assets/wolfgang-grope/WG-Zeichnung-1976-1991-07.jpg,Zeichnung,—,Zeichnung,—,,,
wg-zeichnung-1976-1991-08,1976 - 1991 Zeichnungen und Gemälde,WG-Zeichnung-1976-1991-08.jpg,assets/wolfgang-grope/WG-Zeichnung-1976-1991-08.jpg,Zeichnung,—,Zeichnung,—,,,
wg-zeichnung-1976-1991-09,1976 - 1991 Zeichnungen und Gemälde,WG-Zeichnung-1976-1991-09.jpg,assets/wolfgang-grope/WG-Zeichnung-1976-1991-09.jpg,Zeichnung,—,Zeichnung,—,,,
wg-zeichnung-1976-1991-10,1976 - 1991 Zeichnungen und Gemälde,WG-Zeichnung-1976-1991-10.jpg,assets/wolfgang-grope/WG-Zeichnung-1976-1991-10.jpg,Zeichnung,—,Zeichnung,—,,,
wg-zeichnung-1976-1991-11,1976 - 1991 Zeichnungen und Gemälde,WG-Zeichnung-1976-1991-11.jpg,assets/wolfgang-grope/WG-Zeichnung-1976-1991-11.jpg,Zeichnung,—,Zeichnung,—,,,
wg-gemaelde-1976-1991-12,1976 - 1991 Zeichnungen und Gemälde,WG-Gemaelde-1976-1991-12.jpg,assets/wolfgang-grope/WG-Gemaelde-1976-1991-12.jpg,Gemälde,—,Gemälde,—,,,
wg-gemaelde-1976-1991-13,1976 - 1991 Zeichnungen und Gemälde,WG-Gemaelde-1976-1991-13.jpg,assets/wolfgang-grope/WG-Gemaelde-1976-1991-13.jpg,Gemälde,—,Gemälde,—,,,
wg-gemaelde-1976-1991-14,1976 - 1991 Zeichnungen und Gemälde,WG-Gemaelde-1976-1991-14.jpg,assets/wolfgang-grope/WG-Gemaelde-1976-1991-14.jpg,Gemälde,—,Gemälde,—,,,
wg-gemaelde-1976-1991-15,1976 - 1991 Zeichnungen und Gemälde,WG-Gemaelde-1976-1991-15.jpg,assets/wolfgang-grope/WG-Gemaelde-1976-1991-15.jpg,Gemälde,—,Gemälde,—,,,
wg-gemaelde-1976-1991-16,1976 - 1991 Zeichnungen und Gemälde,WG-Gemaelde-1976-1991-16.jpg,assets/wolfgang-grope/WG-Gemaelde-1976-1991-16.jpg,Gemälde,—,Gemälde,—,,,
wg-zeichnung-1976-1991-17,1976 - 1991 Zeichnungen und Gemälde,WG-Zeichnung-1976-1991-17.jpg,assets/wolfgang-grope/WG-Zeichnung-1976-1991-17.jpg,Zeichnung,—,Zeichnung,—,,,
wg-zeichnung-1976-1991-18,1976 - 1991 Zeichnungen und Gemälde,WG-Zeichnung-1976-1991-18.jpg,assets/wolfgang-grope/WG-Zeichnung-1976-1991-18.jpg,Zeichnung,—,Zeichnung,—,,,
wg-gemaelde-1976-1991-19,1976 - 1991 Zeichnungen und Gemälde,WG-Gemaelde-1976-1991-19.jpg,assets/wolfgang-grope/WG-Gemaelde-1976-1991-19.jpg,Gemälde,—,Gemälde,—,,,
wg-gemaelde-1976-1991-20,1976 - 1991 Zeichnungen und Gemälde,WG-Gemaelde-1976-1991-20.jpg,assets/wolfgang-grope/WG-Gemaelde-1976-1991-20.jpg,Gemälde,—,Gemälde,—,,,
wg-gemaelde-1976-1991-21,1976 - 1991 Zeichnungen und Gemälde,WG-Gemaelde-1976-1991-21.jpg,assets/wolfgang-grope/WG-Gemaelde-1976-1991-21.jpg,Gemälde,—,Gemälde,—,,,
wg-zeichnung-1976-1991-22,1976 - 1991 Zeichnungen und Gemälde,WG-Zeichnung-1976-1991-22.jpg,assets/wolfgang-grope/WG-Zeichnung-1976-1991-22.jpg,Zeichnung,—,Zeichnung,—,,,
wg-gemaelde-1976-1991-23,1976 - 1991 Zeichnungen und Gemälde,WG-Gemaelde-1976-1991-23.jpg,assets/wolfgang-grope/WG-Gemaelde-1976-1991-23.jpg,Gemälde,—,Gemälde,—,,,
wg-gemaelde-1976-1991-24,1976 - 1991 Zeichnungen und Gemälde,WG-Gemaelde-1976-1991-24.jpg,assets/wolfgang-grope/WG-Gemaelde-1976-1991-24.jpg,Gemälde,—,Gemälde,—,,,
wg-gemaelde-1976-1991-25,1976 - 1991 Zeichnungen und Gemälde,WG-Gemaelde-1976-1991-25.jpg,assets/wolfgang-grope/WG-Gemaelde-1976-1991-25.jpg,Gemälde,—,Gemälde,—,,,
wg-gemaelde-1976-1991-26,1976 - 1991 Zeichnungen und Gemälde,WG-Gemaelde-1976-1991-26.jpg,assets/wolfgang-grope/WG-Gemaelde-1976-1991-26.jpg,Gemälde,—,Gemälde,—,,,
wg-gemaelde-1976-1991-27,1976 - 1991 Zeichnungen und Gemälde,WG-Gemaelde-1976-1991-27.jpg,assets/wolfgang-grope/WG-Gemaelde-1976-1991-27.jpg,Gemälde,—,Gemälde,—,,,
wg-gemaelde-1976-1991-28,1976 - 1991 Zeichnungen und Gemälde,WG-Gemaelde-1976-1991-28.jpg,assets/wolfgang-grope/WG-Gemaelde-1976-1991-28.jpg,Gemälde,—,Gemälde,—,,,
wg-gemaelde-1976-1991-29,1976 - 1991 Zeichnungen und Gemälde,WG-Gemaelde-1976-1991-29.jpg,assets/wolfgang-grope/WG-Gemaelde-1976-1991-29.jpg,Gemälde,—,Gemälde,—,,,
wg-gemaelde-1976-1991-30,1976 - 1991 Zeichnungen und Gemälde,WG-Gemaelde-1976-1991-30.jpg,assets/wolfgang-grope/WG-Gemaelde-1976-1991-30.jpg,Gemälde,—,Gemälde,—,,,
wg-gemaelde-1976-1991-31,1976 - 1991 Zeichnungen und Gemälde,WG-Gemaelde-1976-1991-31.jpg,assets/wolfgang-grope/WG-Gemaelde-1976-1991-31.jpg,Gemälde,—,Gemälde,—,,,
wg-gemaelde-1976-1991-32,1976 - 1991 Zeichnungen und Gemälde,WG-Gemaelde-1976-1991-32.jpg,assets/wolfgang-grope/WG-Gemaelde-1976-1991-32.jpg,Gemälde,—,Gemälde,—,,,
wg-gemaelde-1976-1991-33,1976 - 1991 Zeichnungen und Gemälde,WG-Gemaelde-1976-1991-33.jpg,assets/wolfgang-grope/WG-Gemaelde-1976-1991-33.jpg,Gemälde,—,Gemälde,—,,,
wg-gemaelde-1976-1991-34,1976 - 1991 Zeichnungen und Gemälde,WG-Gemaelde-1976-1991-34.jpg,assets/wolfgang-grope/WG-Gemaelde-1976-1991-34.jpg,Gemälde,—,Gemälde,—,,,
wg-gemaelde-1976-1991-35,1976 - 1991 Zeichnungen und Gemälde,WG-Gemaelde-1976-1991-35.jpg,assets/wolfgang-grope/WG-Gemaelde-1976-1991-35.jpg,Gemälde,—,Gemälde,—,,,
wg-gemaelde-1976-1991-36,1976 - 1991 Zeichnungen und Gemälde,WG-Gemaelde-1976-1991-36.jpg,assets/wolfgang-grope/WG-Gemaelde-1976-1991-36.jpg,Gemälde,—,Gemälde,—,,,
wg-gemaelde-1976-1991-37,1976 - 1991 Zeichnungen und Gemälde,WG-Gemaelde-1976-1991-37.jpg,assets/wolfgang-grope/WG-Gemaelde-1976-1991-37.jpg,Gemälde,—,Gemälde,—,,,
wg-gemaelde-1976-1991-38,1976 - 1991 Zeichnungen und Gemälde,WG-Gemaelde-1976-1991-38.jpg,assets/wolfgang-grope/WG-Gemaelde-1976-1991-38.jpg,Gemälde,—,Gemälde,—,,,
wg-gemaelde-1976-1991-39,1976 - 1991 Zeichnungen und Gemälde,WG-Gemaelde-1976-1991-39.jpg,assets/wolfgang-grope/WG-Gemaelde-1976-1991-39.jpg,Gemälde,—,Gemälde,—,,,
wg-zeichnung-1976-1991-40,1976 - 1991 Zeichnungen und Gemälde,WG-Zeichnung-1976-1991-40.jpg,assets/wolfgang-grope/WG-Zeichnung-1976-1991-40.jpg,Zeichnung,—,Zeichnung,—,,,
wg-zeichnung-1976-1991-41,1976 - 1991 Zeichnungen und Gemälde,WG-Zeichnung-1976-1991-41.jpg,assets/wolfgang-grope/WG-Zeichnung-1976-1991-41.jpg,Zeichnung,—,Zeichnung,—,,,
wg-gemaelde-1976-1991-42,1976 - 1991 Zeichnungen und Gemälde,WG-Gemaelde-1976-1991-42.jpg,assets/wolfgang-grope/WG-Gemaelde-1976-1991-42.jpg,Gemälde,—,Gemälde,—,,,
wg-gemaelde-1976-1991-43,1976 - 1991 Zeichnungen und Gemälde,WG-Gemaelde-1976-1991-43.jpg,assets/wolfgang-grope/WG-Gemaelde-1976-1991-43.jpg,Gemälde,—,Gemälde,—,,,
wg-gemaelde-1976-1991-44,1976 - 1991 Zeichnungen und Gemälde,WG-Gemaelde-1976-1991-44.jpg,assets/wolfgang-grope/WG-Gemaelde-1976-1991-44.jpg,Gemälde,—,Gemälde,—,,,
wg-gemaelde-1976-1991-45,1976 - 1991 Zeichnungen und Gemälde,WG-Gemaelde-1976-1991-45.jpg,assets/wolfgang-grope/WG-Gemaelde-1976-1991-45.jpg,Gemälde,—,Gemälde,—,,,
wg-gemaelde-1976-1991-46,1976 - 1991 Zeichnungen und Gemälde,WG-Gemaelde-1976-1991-46.jpg,assets/wolfgang-grope/WG-Gemaelde-1976-1991-46.jpg,Gemälde,—,Gemälde,—,,,
wg-gemaelde-1976-1991-47,1976 - 1991 Zeichnungen und Gemälde,WG-Gemaelde-1976-1991-47.jpg,assets/wolfgang-grope/WG-Gemaelde-1976-1991-47.jpg,Gemälde,—,Gemälde,—,,,
wg-gemaelde-1976-1991-48,1976 - 1991 Zeichnungen und Gemälde,WG-Gemaelde-1976-1991-48.jpg,assets/wolfgang-grope/WG-Gemaelde-1976-1991-48.jpg,Gemälde,—,Gemälde,—,,,
wg-gemaelde-1976-1991-49,1976 - 1991 Zeichnungen und Gemälde,WG-Gemaelde-1976-1991-49.jpg,assets/wolfgang-grope/WG-Gemaelde-1976-1991-49.jpg,Gemälde,—,Gemälde,—,,,
wg-gemaelde-1976-1991-50,1976 - 1991 Zeichnungen und Gemälde,WG-Gemaelde-1976-1991-50.jpg,assets/wolfgang-grope/WG-Gemaelde-1976-1991-50.jpg,Gemälde,—,Gemälde,—,,,
wg-gemaelde-1976-1991-51,1976 - 1991 Zeichnungen und Gemälde,WG-Gemaelde-1976-1991-51.jpg,assets/wolfgang-grope/WG-Gemaelde-1976-1991-51.jpg,Gemälde,—,Gemälde,—,,,
wg-gemaelde-1976-1991-52,1976 - 1991 Zeichnungen und Gemälde,WG-Gemaelde-1976-1991-52.jpg,assets/wolfgang-grope/WG-Gemaelde-1976-1991-52.jpg,Gemälde,—,Gemälde,—,,,
wg-gemaelde-1976-1991-53,1976 - 1991 Zeichnungen und Gemälde,WG-Gemaelde-1976-1991-53.jpg,assets/wolfgang-grope/WG-Gemaelde-1976-1991-53.jpg,Gemälde,—,Gemälde,—,,,
wg-zeichnung-1976-1991-54,1976 - 1991 Zeichnungen und Gemälde,WG-Zeichnung-1976-1991-54.jpg,assets/wolfgang-grope/WG-Zeichnung-1976-1991-54.jpg,Zeichnung,—,Zeichnung,—,,,
wg-grafik-1976-1991-55,1976 - 1991 Zeichnungen und Gemälde,WG-Grafik-1976-1991-55.jpg,assets/wolfgang-grope/WG-Grafik-1976-1991-55.jpg,Radierung,—,Radierung,—,,,
wg-grafik-1976-1991-56,1976 - 1991 Zeichnungen und Gemälde,WG-Grafik-1976-1991-56.jpg,assets/wolfgang-grope/WG-Grafik-1976-1991-56.jpg,Radierung,—,Radierung,—,,,
wg-grafik-1976-1991-57,1976 - 1991 Zeichnungen und Gemälde,WG-Grafik-1976-1991-57.jpg,assets/wolfgang-grope/WG-Grafik-1976-1991-57.jpg,Radierung,—,Radierung,—,,,
wg-gemaelde-1976-1991-58,1976 - 1991 Zeichnungen und Gemälde,WG-Gemaelde-1976-1991-58.jpg,assets/wolfgang-grope/WG-Gemaelde-1976-1991-58.jpg,Gemälde,—,Gemälde,—,,,
wg-gemaelde-1976-1991-59,1976 - 1991 Zeichnungen und Gemälde,WG-Gemaelde-1976-1991-59.jpg,assets/wolfgang-grope/WG-Gemaelde-1976-1991-59.jpg,Gemälde,—,Gemälde,—,,,
wg-gemaelde-1976-1991-60,1976 - 1991 Zeichnungen und Gemälde,WG-Gemaelde-1976-1991-60.jpg,assets/wolfgang-grope/WG-Gemaelde-1976-1991-60.jpg,Gemälde,—,Gemälde,—,,,
wg-gemaelde-1976-1991-61,1976 - 1991 Zeichnungen und Gemälde,WG-Gemaelde-1976-1991-61.jpg,assets/wolfgang-grope/WG-Gemaelde-1976-1991-61.jpg,Gemälde,—,Gemälde,—,,,
wg-gemaelde-1976-1991-62,1976 - 1991 Zeichnungen und Gemälde,WG-Gemaelde-1976-1991-62.jpg,assets/wolfgang-grope/WG-Gemaelde-1976-1991-62.jpg,Gemälde,—,Gemälde,—,,,
wg-gemaelde-1976-1991-63,1976 - 1991 Zeichnungen und Gemälde,WG-Gemaelde-1976-1991-63.jpg,assets/wolfgang-grope/WG-Gemaelde-1976-1991-63.jpg,Gemälde,—,Gemälde,—,,,
wg-grafik-1984-1993-01,1984 - 1993 Radierungen und Holzschnitte,WG-Grafik-1984-1993-01.jpg,assets/wolfgang-grope/WG-Grafik-1984-1993-01.jpg,Radierung,—,Radierung,—,,,
wg-grafik-1984-1993-02,1984 - 1993 Radierungen und Holzschnitte,WG-Grafik-1984-1993-02.jpg,assets/wolfgang-grope/WG-Grafik-1984-1993-02.jpg,Radierung,—,Radierung,—,,,
wg-grafik-1984-1993-03,1984 - 1993 Radierungen und Holzschnitte,WG-Grafik-1984-1993-03.jpg,assets/wolfgang-grope/WG-Grafik-1984-1993-03.jpg,Radierung,—,Radierung,—,,,
wg-grafik-1984-1993-04,1984 - 1993 Radierungen und Holzschnitte,WG-Grafik-1984-1993-04.jpg,assets/wolfgang-grope/WG-Grafik-1984-1993-04.jpg,Radierung,—,Radierung,—,,,
wg-grafik-1984-1993-05,1984 - 1993 Radierungen und Holzschnitte,WG-Grafik-1984-1993-05.jpg,assets/wolfgang-grope/WG-Grafik-1984-1993-05.jpg,Radierung,—,Radierung,—,,,
wg-grafik-1984-1993-06,1984 - 1993 Radierungen und Holzschnitte,WG-Grafik-1984-1993-06.jpg,assets/wolfgang-grope/WG-Grafik-1984-1993-06.jpg,Radierung,—,Radierung,—,,,
wg-grafik-1984-1993-07,1984 - 1993 Radierungen und Holzschnitte,WG-Grafik-1984-1993-07.jpg,assets/wolfgang-grope/WG-Grafik-1984-1993-07.jpg,Radierung,—,Radierung,—,,,
wg-grafik-1984-1993-08,1984 - 1993 Radierungen und Holzschnitte,WG-Grafik-1984-1993-08.jpg,assets/wolfgang-grope/WG-Grafik-1984-1993-08.jpg,Radierung,—,Radierung,—,,,
wg-grafik-1984-1993-09,1984 - 1993 Radierungen und Holzschnitte,WG-Grafik-1984-1993-09.jpg,assets/wolfgang-grope/WG-Grafik-1984-1993-09.jpg,Radierung,—,Radierung,—,,,
wg-grafik-1984-1993-10,1984 - 1993 Radierungen und Holzschnitte,WG-Grafik-1984-1993-10.jpg,assets/wolfgang-grope/WG-Grafik-1984-1993-10.jpg,Radierung,—,Radierung,—,,,
wg-grafik-1984-1993-11,1984 - 1993 Radierungen und Holzschnitte,WG-Grafik-1984-1993-11.jpg,assets/wolfgang-grope/WG-Grafik-1984-1993-11.jpg,Radierung,—,Radierung,—,,,
wg-grafik-1984-1993-12,1984 - 1993 Radierungen und Holzschnitte,WG-Grafik-1984-1993-12.jpg,assets/wolfgang-grope/WG-Grafik-1984-1993-12.jpg,Radierung,—,Radierung,—,,,
wg-grafik-1984-1993-13,1984 - 1993 Radierungen und Holzschnitte,WG-Grafik-1984-1993-13.jpg,assets/wolfgang-grope/WG-Grafik-1984-1993-13.jpg,Radierung,—,Radierung,—,,,
wg-grafik-1984-1993-14,1984 - 1993 Radierungen und Holzschnitte,WG-Grafik-1984-1993-14.jpg,assets/wolfgang-grope/WG-Grafik-1984-1993-14.jpg,Radierung,—,Radierung,—,,,
wg-grafik-1984-1993-15,1984 - 1993 Radierungen und Holzschnitte,WG-Grafik-1984-1993-15.jpg,assets/wolfgang-grope/WG-Grafik-1984-1993-15.jpg,Radierung,—,Radierung,—,,,
wg-grafik-1984-1993-16,1984 - 1993 Radierungen und Holzschnitte,WG-Grafik-1984-1993-16.jpg,assets/wolfgang-grope/WG-Grafik-1984-1993-16.jpg,Radierung,—,Radierung,—,,,
wg-grafik-1984-1993-17,1984 - 1993 Radierungen und Holzschnitte,WG-Grafik-1984-1993-17.jpg,assets/wolfgang-grope/WG-Grafik-1984-1993-17.jpg,Radierung,—,Radierung,—,,,
wg-grafik-1984-1993-18,1984 - 1993 Radierungen und Holzschnitte,WG-Grafik-1984-1993-18.jpg,assets/wolfgang-grope/WG-Grafik-1984-1993-18.jpg,Radierung,—,Radierung,—,,,
wg-grafik-1984-1993-19,1984 - 1993 Radierungen und Holzschnitte,WG-Grafik-1984-1993-19.jpg,assets/wolfgang-grope/WG-Grafik-1984-1993-19.jpg,Radierung,—,Radierung,—,,,
wg-grafik-1984-1993-20,1984 - 1993 Radierungen und Holzschnitte,WG-Grafik-1984-1993-20.jpg,assets/wolfgang-grope/WG-Grafik-1984-1993-20.jpg,Radierung,—,Radierung,—,,,
wg-grafik-1984-1993-21,1984 - 1993 Radierungen und Holzschnitte,WG-Grafik-1984-1993-21.jpg,assets/wolfgang-grope/WG-Grafik-1984-1993-21.jpg,Radierung,—,Radierung,—,,,
wg-grafik-1984-1993-22,1984 - 1993 Radierungen und Holzschnitte,WG-Grafik-1984-1993-22.jpg,assets/wolfgang-grope/WG-Grafik-1984-1993-22.jpg,Radierung,—,Radierung,—,,,
wg-grafik-1984-1993-23,1984 - 1993 Radierungen und Holzschnitte,WG-Grafik-1984-1993-23.jpg,assets/wolfgang-grope/WG-Grafik-1984-1993-23.jpg,Radierung,—,Radierung,—,,,
wg-grafik-1984-1993-24,1984 - 1993 Radierungen und Holzschnitte,WG-Grafik-1984-1993-24.jpg,assets/wolfgang-grope/WG-Grafik-1984-1993-24.jpg,Radierung,—,Radierung,—,,,
wg-grafik-1984-1993-25,1984 - 1993 Radierungen und Holzschnitte,WG-Grafik-1984-1993-25.jpg,assets/wolfgang-grope/WG-Grafik-1984-1993-25.jpg,Radierung,—,Radierung,—,,,
wg-grafik-1984-1993-26,1984 - 1993 Radierungen und Holzschnitte,WG-Grafik-1984-1993-26.jpg,assets/wolfgang-grope/WG-Grafik-1984-1993-26.jpg,Radierung,—,Radierung,—,,,
wg-grafik-1984-1993-27,1984 - 1993 Radierungen und Holzschnitte,WG-Grafik-1984-1993-27.jpg,assets/wolfgang-grope/WG-Grafik-1984-1993-27.jpg,Radierung,—,Radierung,—,,,
wg-grafik-1984-1993-28,1984 - 1993 Radierungen und Holzschnitte,WG-Grafik-1984-1993-28.jpg,assets/wolfgang-grope/WG-Grafik-1984-1993-28.jpg,Radierung,—,Radierung,—,,,
wg-gemaelde-1991-1995-01,1991 - 1995 Zeichnungen und Skizzen,WG-Gemaelde-1991-1995-01.jpg,assets/wolfgang-grope/WG-Gemaelde-1991-1995-01.jpg,Gemälde,—,Gemälde,—,,,
wg-gemaelde-1991-1995-02,1991 - 1995 Zeichnungen und Skizzen,WG-Gemaelde-1991-1995-02.jpg,assets/wolfgang-grope/WG-Gemaelde-1991-1995-02.jpg,Gemälde,—,Gemälde,—,,,
wg-zeichnung-1991-1995-03,1991 - 1995 Zeichnungen und Skizzen,WG-Zeichnung-1991-1995-03.jpg,assets/wolfgang-grope/WG-Zeichnung-1991-1995-03.jpg,Zeichnung,—,Zeichnung,—,,,
wg-zeichnung-1991-1995-04,1991 - 1995 Zeichnungen und Skizzen,WG-Zeichnung-1991-1995-04.jpg,assets/wolfgang-grope/WG-Zeichnung-1991-1995-04.jpg,Zeichnung,—,Zeichnung,—,,,
wg-zeichnung-1991-1995-05,1991 - 1995 Zeichnungen und Skizzen,WG-Zeichnung-1991-1995-05.jpg,assets/wolfgang-grope/WG-Zeichnung-1991-1995-05.jpg,Zeichnung,—,Zeichnung,—,,,
wg-zeichnung-1991-1995-06,1991 - 1995 Zeichnungen und Skizzen,WG-Zeichnung-1991-1995-06.jpg,assets/wolfgang-grope/WG-Zeichnung-1991-1995-06.jpg,Zeichnung,—,Zeichnung,—,,,
wg-zeichnung-1991-1995-07,1991 - 1995 Zeichnungen und Skizzen,WG-Zeichnung-1991-1995-07.jpg,assets/wolfgang-grope/WG-Zeichnung-1991-1995-07.jpg,Zeichnung,—,Zeichnung,—,,,
wg-zeichnung-1991-1995-08,1991 - 1995 Zeichnungen und Skizzen,WG-Zeichnung-1991-1995-08.jpg,assets/wolfgang-grope/WG-Zeichnung-1991-1995-08.jpg,Zeichnung,—,Zeichnung,—,,,
wg-skizze-1991-1995-09,1991 - 1995 Zeichnungen und Skizzen,WG-Skizze-1991-1995-09.jpg,assets/wolfgang-grope/WG-Skizze-1991-1995-09.jpg,Skizze,—,Skizze,—,,,
wg-skizze-1991-1995-10,1991 - 1995 Zeichnungen und Skizzen,WG-Skizze-1991-1995-10.jpg,assets/wolfgang-grope/WG-Skizze-1991-1995-10.jpg,Skizze,—,Skizze,—,,,
wg-zeichnung-1991-1995-11,1991 - 1995 Zeichnungen und Skizzen,WG-Zeichnung-1991-1995-11.jpg,assets/wolfgang-grope/WG-Zeichnung-1991-1995-11.jpg,Zeichnung,—,Zeichnung,—,,,
wg-zeichnung-1991-1995-12,1991 - 1995 Zeichnungen und Skizzen,WG-Zeichnung-1991-1995-12.jpg,assets/wolfgang-grope/WG-Zeichnung-1991-1995-12.jpg,Zeichnung,—,Zeichnung,—,,,
wg-zeichnung-1991-1995-13,1991 - 1995 Zeichnungen und Skizzen,WG-Zeichnung-1991-1995-13.jpg,assets/wolfgang-grope/WG-Zeichnung-1991-1995-13.jpg,Zeichnung,—,Zeichnung,—,,,
wg-zeichnung-1991-1995-14,1991 - 1995 Zeichnungen und Skizzen,WG-Zeichnung-1991-1995-14.jpg,assets/wolfgang-grope/WG-Zeichnung-1991-1995-14.jpg,Zeichnung,—,Zeichnung,—,,,
wg-zeichnung-1991-1995-15,1991 - 1995 Zeichnungen und Skizzen,WG-Zeichnung-1991-1995-15.jpg,assets/wolfgang-grope/WG-Zeichnung-1991-1995-15.jpg,Zeichnung,—,Zeichnung,—,,,
wg-zeichnung-1991-1995-16,1991 - 1995 Zeichnungen und Skizzen,WG-Zeichnung-1991-1995-16.jpg,assets/wolfgang-grope/WG-Zeichnung-1991-1995-16.jpg,Zeichnung,—,Zeichnung,—,,,
wg-zeichnung-1991-1995-17,1991 - 1995 Zeichnungen und Skizzen,WG-Zeichnung-1991-1995-17.jpg,assets/wolfgang-grope/WG-Zeichnung-1991-1995-17.jpg,Zeichnung,—,Zeichnung,—,,,
wg-zeichnung-1991-1995-18,1991 - 1995 Zeichnungen und Skizzen,WG-Zeichnung-1991-1995-18.jpg,assets/wolfgang-grope/WG-Zeichnung-1991-1995-18.jpg,Zeichnung,—,Zeichnung,—,,,
wg-zeichnung-1991-1995-19,1991 - 1995 Zeichnungen und Skizzen,WG-Zeichnung-1991-1995-19.jpg,assets/wolfgang-grope/WG-Zeichnung-1991-1995-19.jpg,Zeichnung,—,Zeichnung,—,,,
wg-skizze-1991-1995-20,1991 - 1995 Zeichnungen und Skizzen,WG-Skizze-1991-1995-20.jpg,assets/wolfgang-grope/WG-Skizze-1991-1995-20.jpg,Skizze,—,Skizze,—,,,
wg-zeichnung-1991-1995-21,1991 - 1995 Zeichnungen und Skizzen,WG-Zeichnung-1991-1995-21.jpg,assets/wolfgang-grope/WG-Zeichnung-1991-1995-21.jpg,Zeichnung,—,Zeichnung,—,,,
wg-zeichnung-1991-1995-22,1991 - 1995 Zeichnungen und Skizzen,WG-Zeichnung-1991-1995-22.jpg,assets/wolfgang-grope/WG-Zeichnung-1991-1995-22.jpg,Zeichnung,—,Zeichnung,—,,,
wg-zeichnung-1991-1995-23,1991 - 1995 Zeichnungen und Skizzen,WG-Zeichnung-1991-1995-23.jpg,assets/wolfgang-grope/WG-Zeichnung-1991-1995-23.jpg,Zeichnung,—,Zeichnung,—,,,
wg-skizze-1991-1995-24,1991 - 1995 Zeichnungen und Skizzen,WG-Skizze-1991-1995-24.jpg,assets/wolfgang-grope/WG-Skizze-1991-1995-24.jpg,Skizze,—,Skizze,—,,,
wg-skizze-1991-1995-25,1991 - 1995 Zeichnungen und Skizzen,WG-Skizze-1991-1995-25.jpg,assets/wolfgang-grope/WG-Skizze-1991-1995-25.jpg,Skizze,—,Skizze,—,,,
wg-skizze-1991-1995-26,1991 - 1995 Zeichnungen und Skizzen,WG-Skizze-1991-1995-26.jpg,assets/wolfgang-grope/WG-Skizze-1991-1995-26.jpg,Skizze,—,Skizze,—,,,
wg-skizze-1991-1995-27,1991 - 1995 Zeichnungen und Skizzen,WG-Skizze-1991-1995-27.jpg,assets/wolfgang-grope/WG-Skizze-1991-1995-27.jpg,Skizze,—,Skizze,—,,,
wg-skizze-1991-1995-28,1991 - 1995 Zeichnungen und Skizzen,WG-Skizze-1991-1995-28.jpg,assets/wolfgang-grope/WG-Skizze-1991-1995-28.jpg,Skizze,—,Skizze,—,,,
wg-zeichnung-1991-1995-29,1991 - 1995 Zeichnungen und Skizzen,WG-Zeichnung-1991-1995-29.jpg,assets/wolfgang-grope/WG-Zeichnung-1991-1995-29.jpg,Zeichnung,—,Zeichnung,—,,,
wg-zeichnung-1991-1995-30,1991 - 1995 Zeichnungen und Skizzen,WG-Zeichnung-1991-1995-30.jpg,assets/wolfgang-grope/WG-Zeichnung-1991-1995-30.jpg,Zeichnung,—,Zeichnung,—,,,
wg-zeichnung-1991-1995-31,1991 - 1995 Zeichnungen und Skizzen,WG-Zeichnung-1991-1995-31.jpg,assets/wolfgang-grope/WG-Zeichnung-1991-1995-31.jpg,Zeichnung,—,Zeichnung,—,,,
wg-zeichnung-1991-1995-32,1991 - 1995 Zeichnungen und Skizzen,WG-Zeichnung-1991-1995-32.jpg,assets/wolfgang-grope/WG-Zeichnung-1991-1995-32.jpg,Zeichnung,—,Zeichnung,—,,,
wg-skizze-1991-1995-33,1991 - 1995 Zeichnungen und Skizzen,WG-Skizze-1991-1995-33.jpg,assets/wolfgang-grope/WG-Skizze-1991-1995-33.jpg,Skizze,—,Skizze,—,,,
wg-skizze-1991-1995-34,1991 - 1995 Zeichnungen und Skizzen,WG-Skizze-1991-1995-34.jpg,assets/wolfgang-grope/WG-Skizze-1991-1995-34.jpg,Skizze,—,Skizze,—,,,
wg-skizze-1991-1995-35,1991 - 1995 Zeichnungen und Skizzen,WG-Skizze-1991-1995-35.jpg,assets/wolfgang-grope/WG-Skizze-1991-1995-35.jpg,Skizze,—,Skizze,—,,,
wg-skizze-1991-1995-36,1991 - 1995 Zeichnungen und Skizzen,WG-Skizze-1991-1995-36.jpg,assets/wolfgang-grope/WG-Skizze-1991-1995-36.jpg,Skizze,—,Skizze,—,,,
wg-skizze-1991-1995-37,1991 - 1995 Zeichnungen und Skizzen,WG-Skizze-1991-1995-37.jpg,assets/wolfgang-grope/WG-Skizze-1991-1995-37.jpg,Skizze,—,Skizze,—,,,
wg-skizze-1991-1995-38,1991 - 1995 Zeichnungen und Skizzen,WG-Skizze-1991-1995-38.jpg,assets/wolfgang-grope/WG-Skizze-1991-1995-38.jpg,Skizze,—,Skizze,—,,,
wg-skizze-1991-1995-39,1991 - 1995 Zeichnungen und Skizzen,WG-Skizze-1991-1995-39.jpg,assets/wolfgang-grope/WG-Skizze-1991-1995-39.jpg,Skizze,—,Skizze,—,,,
wg-skizze-1991-1995-40,1991 - 1995 Zeichnungen und Skizzen,WG-Skizze-1991-1995-40.jpg,assets/wolfgang-grope/WG-Skizze-1991-1995-40.jpg,Skizze,—,Skizze,—,,,
wg-skizze-1991-1995-41,1991 - 1995 Zeichnungen und Skizzen,WG-Skizze-1991-1995-41.jpg,assets/wolfgang-grope/WG-Skizze-1991-1995-41.jpg,Skizze,—,Skizze,—,,,
wg-skizze-1991-1995-42,1991 - 1995 Zeichnungen und Skizzen,WG-Skizze-1991-1995-42.jpg,assets/wolfgang-grope/WG-Skizze-1991-1995-42.jpg,Skizze,—,Skizze,—,,,
wg-skizze-1991-1995-43,1991 - 1995 Zeichnungen und Skizzen,WG-Skizze-1991-1995-43.jpg,assets/wolfgang-grope/WG-Skizze-1991-1995-43.jpg,Skizze,—,Skizze,—,,,
wg-skizze-1991-1995-44,1991 - 1995 Zeichnungen und Skizzen,WG-Skizze-1991-1995-44.jpg,assets/wolfgang-grope/WG-Skizze-1991-1995-44.jpg,Skizze,—,Skizze,—,,,
wg-skizze-1991-1995-45,1991 - 1995 Zeichnungen und Skizzen,WG-Skizze-1991-1995-45.jpg,assets/wolfgang-grope/WG-Skizze-1991-1995-45.jpg,Skizze,—,Skizze,—,,,
wg-skizze-1991-1995-46,1991 - 1995 Zeichnungen und Skizzen,WG-Skizze-1991-1995-46.jpg,assets/wolfgang-grope/WG-Skizze-1991-1995-46.jpg,Skizze,—,Skizze,—,,,
wg-skizze-1991-1995-47,1991 - 1995 Zeichnungen und Skizzen,WG-Skizze-1991-1995-47.jpg,assets/wolfgang-grope/WG-Skizze-1991-1995-47.jpg,Skizze,—,Skizze,—,,,
wg-skizze-1991-1995-48,1991 - 1995 Zeichnungen und Skizzen,WG-Skizze-1991-1995-48.jpg,assets/wolfgang-grope/WG-Skizze-1991-1995-48.jpg,Skizze,—,Skizze,—,,,
wg-skizze-1991-1995-49,1991 - 1995 Zeichnungen und Skizzen,WG-Skizze-1991-1995-49.jpg,assets/wolfgang-grope/WG-Skizze-1991-1995-49.jpg,Skizze,—,Skizze,—,,,
wg-zeichnung-1991-1995-50,1991 - 1995 Zeichnungen und Skizzen,WG-Zeichnung-1991-1995-50.jpg,assets/wolfgang-grope/WG-Zeichnung-1991-1995-50.jpg,Zeichnung,—,Zeichnung,—,,,
wg-zeichnung-1991-1995-51,1991 - 1995 Zeichnungen und Skizzen,WG-Zeichnung-1991-1995-51.jpg,assets/wolfgang-grope/WG-Zeichnung-1991-1995-51.jpg,Zeichnung,—,Zeichnung,—,,,
wg-zeichnung-1991-1995-52,1991 - 1995 Zeichnungen und Skizzen,WG-Zeichnung-1991-1995-52.jpg,assets/wolfgang-grope/WG-Zeichnung-1991-1995-52.jpg,Zeichnung,—,Zeichnung,—,,,
wg-zeichnung-1991-1995-53,1991 - 1995 Zeichnungen und Skizzen,WG-Zeichnung-1991-1995-53.jpg,assets/wolfgang-grope/WG-Zeichnung-1991-1995-53.jpg,Zeichnung,—,Zeichnung,—,,,
wg-zeichnung-1991-1995-54,1991 - 1995 Zeichnungen und Skizzen,WG-Zeichnung-1991-1995-54.jpg,assets/wolfgang-grope/WG-Zeichnung-1991-1995-54.jpg,Zeichnung,—,Zeichnung,—,,,
wg-gemaelde-1991-1995-55,1991 - 1995 Zeichnungen und Skizzen,WG-Gemaelde-1991-1995-55.jpg,assets/wolfgang-grope/WG-Gemaelde-1991-1995-55.jpg,Gemälde,—,Gemälde,—,,,
wg-zeichnung-1991-1995-56,1991 - 1995 Zeichnungen und Skizzen,WG-Zeichnung-1991-1995-56.jpg,assets/wolfgang-grope/WG-Zeichnung-1991-1995-56.jpg,Zeichnung,—,Zeichnung,—,,,
wg-zeichnung-1991-1995-57,1991 - 1995 Zeichnungen und Skizzen,WG-Zeichnung-1991-1995-57.jpg,assets/wolfgang-grope/WG-Zeichnung-1991-1995-57.jpg,Zeichnung,—,Zeichnung,—,,,
wg-gemaelde-1991-1995-58,1991 - 1995 Zeichnungen und Skizzen,WG-Gemaelde-1991-1995-58.jpg,assets/wolfgang-grope/WG-Gemaelde-1991-1995-58.jpg,Gemälde,—,Gemälde,—,,,
wg-gemaelde-1991-1995-59,1991 - 1995 Zeichnungen und Skizzen,WG-Gemaelde-1991-1995-59.jpg,assets/wolfgang-grope/WG-Gemaelde-1991-1995-59.jpg,Gemälde,—,Gemälde,—,,,
wg-gemaelde-1991-1995-60,1991 - 1995 Zeichnungen und Skizzen,WG-Gemaelde-1991-1995-60.jpg,assets/wolfgang-grope/WG-Gemaelde-1991-1995-60.jpg,Gemälde,—,Gemälde,—,,,
wg-gemaelde-1991-1995-61,1991 - 1995 Zeichnungen und Skizzen,WG-Gemaelde-1991-1995-61.jpg,assets/wolfgang-grope/WG-Gemaelde-1991-1995-61.jpg,Gemälde,—,Gemälde,—,,,
wg-gemaelde-1991-1995-62,1991 - 1995 Zeichnungen und Skizzen,WG-Gemaelde-1991-1995-62.jpg,assets/wolfgang-grope/WG-Gemaelde-1991-1995-62.jpg,Gemälde,—,Gemälde,—,,,
wg-gemaelde-1991-1995-63,1991 - 1995 Zeichnungen und Skizzen,WG-Gemaelde-1991-1995-63.jpg,assets/wolfgang-grope/WG-Gemaelde-1991-1995-63.jpg,Gemälde,—,Gemälde,—,,,
wg-gemaelde-1991-1995-64,1991 - 1995 Zeichnungen und Skizzen,WG-Gemaelde-1991-1995-64.jpg,assets/wolfgang-grope/WG-Gemaelde-1991-1995-64.jpg,Gemälde,—,Gemälde,—,,,
wg-gemaelde-1991-1995-65,1991 - 1995 Zeichnungen und Skizzen,WG-Gemaelde-1991-1995-65.jpg,assets/wolfgang-grope/WG-Gemaelde-1991-1995-65.jpg,Gemälde,—,Gemälde,—,,,
wg-gemaelde-1991-1995-66,1991 - 1995 Zeichnungen und Skizzen,WG-Gemaelde-1991-1995-66.jpg,assets/wolfgang-grope/WG-Gemaelde-1991-1995-66.jpg,Gemälde,—,Gemälde,—,,,
wg-gemaelde-1991-1995-67,1991 - 1995 Zeichnungen und Skizzen,WG-Gemaelde-1991-1995-67.jpg,assets/wolfgang-grope/WG-Gemaelde-1991-1995-67.jpg,Gemälde,—,Gemälde,—,,,
wg-gemaelde-1991-1995-68,1991 - 1995 Zeichnungen und Skizzen,WG-Gemaelde-1991-1995-68.jpg,assets/wolfgang-grope/WG-Gemaelde-1991-1995-68.jpg,Gemälde,—,Gemälde,—,,,
wg-gemaelde-1991-1995-69,1991 - 1995 Zeichnungen und Skizzen,WG-Gemaelde-1991-1995-69.jpg,assets/wolfgang-grope/WG-Gemaelde-1991-1995-69.jpg,Gemälde,—,Gemälde,—,,,
wg-gemaelde-1991-1995-70,1991 - 1995 Zeichnungen und Skizzen,WG-Gemaelde-1991-1995-70.jpg,assets/wolfgang-grope/WG-Gemaelde-1991-1995-70.jpg,Gemälde,—,Gemälde,—,,,
wg-gemaelde-1991-1995-71,1991 - 1995 Zeichnungen und Skizzen,WG-Gemaelde-1991-1995-71.jpg,assets/wolfgang-grope/WG-Gemaelde-1991-1995-71.jpg,Gemälde,—,Gemälde,—,,,
wg-gemaelde-1991-1995-72,1991 - 1995 Zeichnungen und Skizzen,WG-Gemaelde-1991-1995-72.jpg,assets/wolfgang-grope/WG-Gemaelde-1991-1995-72.jpg,Gemälde,—,Gemälde,—,,,
wg-gemaelde-1991-1995-73,1991 - 1995 Zeichnungen und Skizzen,WG-Gemaelde-1991-1995-73.jpg,assets/wolfgang-grope/WG-Gemaelde-1991-1995-73.jpg,Gemälde,—,Gemälde,—,,,
wg-gemaelde-1991-1995-74,1991 - 1995 Zeichnungen und Skizzen,WG-Gemaelde-1991-1995-74.jpg,assets/wolfgang-grope/WG-Gemaelde-1991-1995-74.jpg,Gemälde,—,Gemälde,—,,,
wg-gemaelde-1991-1995-75,1991 - 1995 Zeichnungen und Skizzen,WG-Gemaelde-1991-1995-75.jpg,assets/wolfgang-grope/WG-Gemaelde-1991-1995-75.jpg,Gemälde,—,Gemälde,—,,,
wg-gemaelde-1991-1995-76,1991 - 1995 Zeichnungen und Skizzen,WG-Gemaelde-1991-1995-76.jpg,assets/wolfgang-grope/WG-Gemaelde-1991-1995-76.jpg,Gemälde,—,Gemälde,—,,,
wg-gemaelde-1991-1995-77,1991 - 1995 Zeichnungen und Skizzen,WG-Gemaelde-1991-1995-77.jpg,assets/wolfgang-grope/WG-Gemaelde-1991-1995-77.jpg,Gemälde,—,Gemälde,—,,,
wg-gemaelde-1991-1995-78,1991 - 1995 Zeichnungen und Skizzen,WG-Gemaelde-1991-1995-78.jpg,assets/wolfgang-grope/WG-Gemaelde-1991-1995-78.jpg,Gemälde,—,Gemälde,—,,,
wg-zeichnung-1991-1995-79,1991 - 1995 Zeichnungen und Skizzen,WG-Zeichnung-1991-1995-79.jpg,assets/wolfgang-grope/WG-Zeichnung-1991-1995-79.jpg,Zeichnung,—,Zeichnung,—,,,
wg-gemaelde-1991-1995-80,1991 - 1995 Zeichnungen und Skizzen,WG-Gemaelde-1991-1995-80.jpg,assets/wolfgang-grope/WG-Gemaelde-1991-1995-80.jpg,Gemälde,—,Gemälde,—,,,
wg-gemaelde-1991-1995-81,1991 - 1995 Zeichnungen und Skizzen,WG-Gemaelde-1991-1995-81.jpg,assets/wolfgang-grope/WG-Gemaelde-1991-1995-81.jpg,Gemälde,—,Gemälde,—,,,
wg-gemaelde-1991-1995-82,1991 - 1995 Zeichnungen und Skizzen,WG-Gemaelde-1991-1995-82.jpg,assets/wolfgang-grope/WG-Gemaelde-1991-1995-82.jpg,Gemälde,—,Gemälde,—,,,
wg-gemaelde-1991-1995-83,1991 - 1995 Zeichnungen und Skizzen,WG-Gemaelde-1991-1995-83.jpg,assets/wolfgang-grope/WG-Gemaelde-1991-1995-83.jpg,Gemälde,—,Gemälde,—,,,
wg-gemaelde-1991-1995-84,1991 - 1995 Zeichnungen und Skizzen,WG-Gemaelde-1991-1995-84.jpg,assets/wolfgang-grope/WG-Gemaelde-1991-1995-84.jpg,Gemälde,—,Gemälde,—,,,
wg-gemaelde-1991-1995-85,1991 - 1995 Zeichnungen und Skizzen,WG-Gemaelde-1991-1995-85.jpg,assets/wolfgang-grope/WG-Gemaelde-1991-1995-85.jpg,Gemälde,—,Gemälde,—,,,
wg-gemaelde-1991-1995-86,1991 - 1995 Zeichnungen und Skizzen,WG-Gemaelde-1991-1995-86.jpg,assets/wolfgang-grope/WG-Gemaelde-1991-1995-86.jpg,Gemälde,—,Gemälde,—,,,
wg-gemaelde-1991-1995-87,1991 - 1995 Zeichnungen und Skizzen,WG-Gemaelde-1991-1995-87.jpg,assets/wolfgang-grope/WG-Gemaelde-1991-1995-87.jpg,Gemälde,—,Gemälde,—,,,
wg-gemaelde-1991-1995-88,1991 - 1995 Zeichnungen und Skizzen,WG-Gemaelde-1991-1995-88.jpg,assets/wolfgang-grope/WG-Gemaelde-1991-1995-88.jpg,Gemälde,—,Gemälde,—,,,
wg-gemaelde-1991-1995-89,1991 - 1995 Zeichnungen und Skizzen,WG-Gemaelde-1991-1995-89.jpg,assets/wolfgang-grope/WG-Gemaelde-1991-1995-89.jpg,Gemälde,—,Gemälde,—,,,
wg-gemaelde-1991-1995-90,1991 - 1995 Zeichnungen und Skizzen,WG-Gemaelde-1991-1995-90.jpg,assets/wolfgang-grope/WG-Gemaelde-1991-1995-90.jpg,Gemälde,—,Gemälde,—,,,
wg-skizze-1991-1995-91,1991 - 1995 Zeichnungen und Skizzen,WG-Skizze-1991-1995-91.jpg,assets/wolfgang-grope/WG-Skizze-1991-1995-91.jpg,Skizze,—,Skizze,—,,,
wg-gemaelde-1991-1995-92,1991 - 1995 Zeichnungen und Skizzen,WG-Gemaelde-1991-1995-92.jpg,assets/wolfgang-grope/WG-Gemaelde-1991-1995-92.jpg,Gemälde,—,Gemälde,—,,,
wg-gemaelde-1991-1995-93,1991 - 1995 Zeichnungen und Skizzen,WG-Gemaelde-1991-1995-93.jpg,assets/wolfgang-grope/WG-Gemaelde-1991-1995-93.jpg,Gemälde,—,Gemälde,—,,,
wg-gemaelde-1991-1995-94,1991 - 1995 Zeichnungen und Skizzen,WG-Gemaelde-1991-1995-94.jpg,assets/wolfgang-grope/WG-Gemaelde-1991-1995-94.jpg,Gemälde,—,Gemälde,—,,,
wg-gemaelde-1991-1995-95,1991 - 1995 Zeichnungen und Skizzen,WG-Gemaelde-1991-1995-95.jpg,assets/wolfgang-grope/WG-Gemaelde-1991-1995-95.jpg,Gemälde,—,Gemälde,—,,,
wg-skizze-1991-1995-96,1991 - 1995 Zeichnungen und Skizzen,WG-Skizze-1991-1995-96.jpg,assets/wolfgang-grope/WG-Skizze-1991-1995-96.jpg,Skizze,—,Skizze,—,,,
wg-skizze-1991-1995-97,1991 - 1995 Zeichnungen und Skizzen,WG-Skizze-1991-1995-97.jpg,assets/wolfgang-grope/WG-Skizze-1991-1995-97.jpg,Skizze,—,Skizze,—,,,
wg-grafik-1991-1995-98,1991 - 1995 Zeichnungen und Skizzen,WG-Grafik-1991-1995-98.jpg,assets/wolfgang-grope/WG-Grafik-1991-1995-98.jpg,Radierung,—,Radierung,—,,,
wg-grafik-1991-1995-99,1991 - 1995 Zeichnungen und Skizzen,WG-Grafik-1991-1995-99.jpg,assets/wolfgang-grope/WG-Grafik-1991-1995-99.jpg,Radierung,—,Radierung,—,,,
wg-grafik-1991-1995-100,1991 - 1995 Zeichnungen und Skizzen,WG-Grafik-1991-1995-100.jpg,assets/wolfgang-grope/WG-Grafik-1991-1995-100.jpg,Radierung,—,Radierung,—,,,
wg-grafik-1991-1995-101,1991 - 1995 Zeichnungen und Skizzen,WG-Grafik-1991-1995-101.jpg,assets/wolfgang-grope/WG-Grafik-1991-1995-101.jpg,Radierung,—,Radierung,—,,,
wg-grafik-1991-1995-102,1991 - 1995 Zeichnungen und Skizzen,WG-Grafik-1991-1995-102.jpg,assets/wolfgang-grope/WG-Grafik-1991-1995-102.jpg,Radierung,—,Radierung,—,,,
wg-grafik-1991-1995-103,1991 - 1995 Zeichnungen und Skizzen,WG-Grafik-1991-1995-103.jpg,assets/wolfgang-grope/WG-Grafik-1991-1995-103.jpg,Radierung,—,Radierung,—,,,
wg-gemaelde-1991-1995-104,1991 - 1995 Zeichnungen und Skizzen,WG-Gemaelde-1991-1995-104.jpg,assets/wolfgang-grope/WG-Gemaelde-1991-1995-104.jpg,Gemälde,—,Gemälde,—,,,
wg-gemaelde-1991-1995-105,1991 - 1995 Zeichnungen und Skizzen,WG-Gemaelde-1991-1995-105.jpg,assets/wolfgang-grope/WG-Gemaelde-1991-1995-105.jpg,Gemälde,—,Gemälde,—,,,
wg-gemaelde-1991-1995-106,1991 - 1995 Zeichnungen und Skizzen,WG-Gemaelde-1991-1995-106.jpg,assets/wolfgang-grope/WG-Gemaelde-1991-1995-106.jpg,Gemälde,—,Gemälde,—,,,
wg-gemaelde-1991-1995-107,1991 - 1995 Zeichnungen und Skizzen,WG-Gemaelde-1991-1995-107.jpg,assets/wolfgang-grope/WG-Gemaelde-1991-1995-107.jpg,Gemälde,—,Gemälde,—,,,
wg-gemaelde-1991-1995-108,1991 - 1995 Zeichnungen und Skizzen,WG-Gemaelde-1991-1995-108.jpg,assets/wolfgang-grope/WG-Gemaelde-1991-1995-108.jpg,Gemälde,—,Gemälde,—,,,
wg-gemaelde-1991-1995-109,1991 - 1995 Zeichnungen und Skizzen,WG-Gemaelde-1991-1995-109.jpg,assets/wolfgang-grope/WG-Gemaelde-1991-1995-109.jpg,Gemälde,—,Gemälde,—,,,
wg-gemaelde-1991-1995-110,1991 - 1995 Zeichnungen und Skizzen,WG-Gemaelde-1991-1995-110.jpg,assets/wolfgang-grope/WG-Gemaelde-1991-1995-110.jpg,Gemälde,—,Gemälde,—,,,
wg-gemaelde-1991-1995-111,1991 - 1995 Zeichnungen und Skizzen,WG-Gemaelde-1991-1995-111.jpg,assets/wolfgang-grope/WG-Gemaelde-1991-1995-111.jpg,Gemälde,—,Gemälde,—,,,
wg-gemaelde-1998-2001-01,1998 - 2001 Gemälde,WG-Gemaelde-1998-2001-01.jpg,assets/wolfgang-grope/WG-Gemaelde-1998-2001-01.jpg,Gemälde,—,Gemälde,—,,,
wg-gemaelde-1998-2001-02,1998 - 2001 Gemälde,WG-Gemaelde-1998-2001-02.jpg,assets/wolfgang-grope/WG-Gemaelde-1998-2001-02.jpg,Gemälde,—,Gemälde,—,,,
wg-gemaelde-1998-2001-03,1998 - 2001 Gemälde,WG-Gemaelde-1998-2001-03.jpg,assets/wolfgang-grope/WG-Gemaelde-1998-2001-03.jpg,Gemälde,—,Gemälde,—,,,
wg-gemaelde-1998-2001-04,1998 - 2001 Gemälde,WG-Gemaelde-1998-2001-04.jpg,assets/wolfgang-grope/WG-Gemaelde-1998-2001-04.jpg,Gemälde,—,Gemälde,—,,,
wg-gemaelde-1998-2001-05,1998 - 2001 Gemälde,WG-Gemaelde-1998-2001-05.jpg,assets/wolfgang-grope/WG-Gemaelde-1998-2001-05.jpg,Gemälde,—,Gemälde,—,,,
wg-gemaelde-1998-2001-06,1998 - 2001 Gemälde,WG-Gemaelde-1998-2001-06.jpg,assets/wolfgang-grope/WG-Gemaelde-1998-2001-06.jpg,Gemälde,—,Gemälde,—,,,
wg-gemaelde-1998-2001-07,1998 - 2001 Gemälde,WG-Gemaelde-1998-2001-07.jpg,assets/wolfgang-grope/WG-Gemaelde-1998-2001-07.jpg,Gemälde,—,Gemälde,—,,,
wg-gemaelde-1998-2001-08,1998 - 2001 Gemälde,WG-Gemaelde-1998-2001-08.jpg,assets/wolfgang-grope/WG-Gemaelde-1998-2001-08.jpg,Gemälde,—,Gemälde,—,,,
wg-gemaelde-2001-2003-01,2001 - 2003 Skizzen,WG-Gemaelde-2001-2003-01.jpg,assets/wolfgang-grope/WG-Gemaelde-2001-2003-01.jpg,Gemälde,—,Gemälde,—,,,
wg-gemaelde-2001-2003-02,2001 - 2003 Skizzen,WG-Gemaelde-2001-2003-02.jpg,assets/wolfgang-grope/WG-Gemaelde-2001-2003-02.jpg,Gemälde,—,Gemälde,—,,,
wg-zeichnung-2001-2003-03,2001 - 2003 Skizzen,WG-Zeichnung-2001-2003-03.jpg,assets/wolfgang-grope/WG-Zeichnung-2001-2003-03.jpg,Zeichnung,—,Zeichnung,—,,,
wg-gemaelde-2001-2003-04,2001 - 2003 Skizzen,WG-Gemaelde-2001-2003-04.jpg,assets/wolfgang-grope/WG-Gemaelde-2001-2003-04.jpg,Gemälde,—,Gemälde,—,,,
wg-zeichnung-2001-2003-05,2001 - 2003 Skizzen,WG-Zeichnung-2001-2003-05.jpg,assets/wolfgang-grope/WG-Zeichnung-2001-2003-05.jpg,Zeichnung,—,Zeichnung,—,,,
wg-gemaelde-2001-2003-06,2001 - 2003 Skizzen,WG-Gemaelde-2001-2003-06.jpg,assets/wolfgang-grope/WG-Gemaelde-2001-2003-06.jpg,Gemälde,—,Gemälde,—,,,
wg-skizze-2001-2003-07,2001 - 2003 Skizzen,WG-Skizze-2001-2003-07.jpg,assets/wolfgang-grope/WG-Skizze-2001-2003-07.jpg,Skizze,—,Skizze,—,,,
wg-skizze-2001-2003-08,2001 - 2003 Skizzen,WG-Skizze-2001-2003-08.jpg,assets/wolfgang-grope/WG-Skizze-2001-2003-08.jpg,Skizze,—,Skizze,—,,,
wg-skizze-2001-2003-09,2001 - 2003 Skizzen,WG-Skizze-2001-2003-09.jpg,assets/wolfgang-grope/WG-Skizze-2001-2003-09.jpg,Skizze,—,Skizze,—,,,
wg-skizze-2001-2003-10,2001 - 2003 Skizzen,WG-Skizze-2001-2003-10.jpg,assets/wolfgang-grope/WG-Skizze-2001-2003-10.jpg,Skizze,—,Skizze,—,,,
wg-skizze-2001-2003-11,2001 - 2003 Skizzen,WG-Skizze-2001-2003-11.jpg,assets/wolfgang-grope/WG-Skizze-2001-2003-11.jpg,Skizze,—,Skizze,—,,,
wg-skizze-2001-2003-12,2001 - 2003 Skizzen,WG-Skizze-2001-2003-12.jpg,assets/wolfgang-grope/WG-Skizze-2001-2003-12.jpg,Skizze,—,Skizze,—,,,
wg-skizze-2001-2003-13,2001 - 2003 Skizzen,WG-Skizze-2001-2003-13.jpg,assets/wolfgang-grope/WG-Skizze-2001-2003-13.jpg,Skizze,—,Skizze,—,,,
wg-skizze-2001-2003-14,2001 - 2003 Skizzen,WG-Skizze-2001-2003-14.jpg,assets/wolfgang-grope/WG-Skizze-2001-2003-14.jpg,Skizze,—,Skizze,—,,,
wg-skizze-2001-2003-15,2001 - 2003 Skizzen,WG-Skizze-2001-2003-15.jpg,assets/wolfgang-grope/WG-Skizze-2001-2003-15.jpg,Skizze,—,Skizze,—,,,
wg-skizze-2001-2003-16,2001 - 2003 Skizzen,WG-Skizze-2001-2003-16.jpg,assets/wolfgang-grope/WG-Skizze-2001-2003-16.jpg,Skizze,—,Skizze,—,,,
wg-gemaelde-2002-01,"2002 Abstraktion. Zwei Gemälde, Skizzen und eine Radierung",WG-Gemaelde-2002-01.jpg,assets/wolfgang-grope/WG-Gemaelde-2002-01.jpg,Gemälde,—,Gemälde,—,,,
wg-gemaelde-2002-02,"2002 Abstraktion. Zwei Gemälde, Skizzen und eine Radierung",WG-Gemaelde-2002-02.jpg,assets/wolfgang-grope/WG-Gemaelde-2002-02.jpg,Gemälde,—,Gemälde,—,,,
wg-gemaelde-2002-03,"2002 Abstraktion. Zwei Gemälde, Skizzen und eine Radierung",WG-Gemaelde-2002-03.jpg,assets/wolfgang-grope/WG-Gemaelde-2002-03.jpg,Gemälde,—,Gemälde,—,,,
wg-gemaelde-2002-04,"2002 Abstraktion. Zwei Gemälde, Skizzen und eine Radierung",WG-Gemaelde-2002-04.jpg,assets/wolfgang-grope/WG-Gemaelde-2002-04.jpg,Gemälde,—,Gemälde,—,,,
wg-gemaelde-2002-05,"2002 Abstraktion. Zwei Gemälde, Skizzen und eine Radierung",WG-Gemaelde-2002-05.jpg,assets/wolfgang-grope/WG-Gemaelde-2002-05.jpg,Gemälde,—,Gemälde,—,,,
wg-gemaelde-2002-06,"2002 Abstraktion. Zwei Gemälde, Skizzen und eine Radierung",WG-Gemaelde-2002-06.jpg,assets/wolfgang-grope/WG-Gemaelde-2002-06.jpg,Gemälde,—,Gemälde,—,,,
wg-gemaelde-2002-07,"2002 Abstraktion. Zwei Gemälde, Skizzen und eine Radierung",WG-Gemaelde-2002-07.jpg,assets/wolfgang-grope/WG-Gemaelde-2002-07.jpg,Gemälde,—,Gemälde,—,,,
wg-gemaelde-2002-08,"2002 Abstraktion. Zwei Gemälde, Skizzen und eine Radierung",WG-Gemaelde-2002-08.jpg,assets/wolfgang-grope/WG-Gemaelde-2002-08.jpg,Gemälde,—,Gemälde,—,,,
wg-gemaelde-2002-09,"2002 Abstraktion. Zwei Gemälde, Skizzen und eine Radierung",WG-Gemaelde-2002-09.jpg,assets/wolfgang-grope/WG-Gemaelde-2002-09.jpg,Gemälde,—,Gemälde,—,,,
wg-gemaelde-2002-10,"2002 Abstraktion. Zwei Gemälde, Skizzen und eine Radierung",WG-Gemaelde-2002-10.jpg,assets/wolfgang-grope/WG-Gemaelde-2002-10.jpg,Gemälde,—,Gemälde,—,,,
wg-gemaelde-2002-11,"2002 Abstraktion. Zwei Gemälde, Skizzen und eine Radierung",WG-Gemaelde-2002-11.jpg,assets/wolfgang-grope/WG-Gemaelde-2002-11.jpg,Gemälde,—,Gemälde,—,,,
wg-gemaelde-2002-12,"2002 Abstraktion. Zwei Gemälde, Skizzen und eine Radierung",WG-Gemaelde-2002-12.jpg,assets/wolfgang-grope/WG-Gemaelde-2002-12.jpg,Gemälde,—,Gemälde,—,,,
wg-gemaelde-2002-13,"2002 Abstraktion. Zwei Gemälde, Skizzen und eine Radierung",WG-Gemaelde-2002-13.jpg,assets/wolfgang-grope/WG-Gemaelde-2002-13.jpg,Gemälde,—,Gemälde,—,,,
wg-gemaelde-2002-14,"2002 Abstraktion. Zwei Gemälde, Skizzen und eine Radierung",WG-Gemaelde-2002-14.jpg,assets/wolfgang-grope/WG-Gemaelde-2002-14.jpg,Gemälde,—,Gemälde,—,,,
wg-gemaelde-2002-15,"2002 Abstraktion. Zwei Gemälde, Skizzen und eine Radierung",WG-Gemaelde-2002-15.jpg,assets/wolfgang-grope/WG-Gemaelde-2002-15.jpg,Gemälde,—,Gemälde,—,,,
wg-gemaelde-2002-16,"2002 Abstraktion. Zwei Gemälde, Skizzen und eine Radierung",WG-Gemaelde-2002-16.jpg,assets/wolfgang-grope/WG-Gemaelde-2002-16.jpg,Gemälde,—,Gemälde,—,,,
wg-gemaelde-2003-2007-01,"2003, 2005, 2007 Eine Skizze je Jahr",WG-Gemaelde-2003-2007-01.jpg,assets/wolfgang-grope/WG-Gemaelde-2003-2007-01.jpg,Gemälde,—,Gemälde,—,,,
wg-skizze-2003-2007-02,"2003, 2005, 2007 Eine Skizze je Jahr",WG-Skizze-2003-2007-02.jpg,assets/wolfgang-grope/WG-Skizze-2003-2007-02.jpg,Skizze,—,Skizze,—,,,
wg-skizze-2003-2007-03,"2003, 2005, 2007 Eine Skizze je Jahr",WG-Skizze-2003-2007-03.jpg,assets/wolfgang-grope/WG-Skizze-2003-2007-03.jpg,Skizze,—,Skizze,—,,,
wg-zeichnung-2003-2007-04,"2003, 2005, 2007 Eine Skizze je Jahr",WG-Zeichnung-2003-2007-04.jpg,assets/wolfgang-grope/WG-Zeichnung-2003-2007-04.jpg,Zeichnung,—,Zeichnung,—,,,
wg-keramik-01,Keramiken,WG-Keramik-01.jpg,assets/wolfgang-grope/WG-Keramik-01.jpg,Keramik,—,Keramik,—,,,
wg-keramik-02,Keramiken,WG-Keramik-02.jpg,assets/wolfgang-grope/WG-Keramik-02.jpg,Keramik,—,Keramik,—,,,
wg-keramik-03,Keramiken,WG-Keramik-03.jpg,assets/wolfgang-grope/WG-Keramik-03.jpg,Keramik,—,Keramik,—,,,
wg-keramik-04,Keramiken,WG-Keramik-04.jpg,assets/wolfgang-grope/WG-Keramik-04.jpg,Keramik,—,Keramik,—,,,
wg-keramik-05,Keramiken,WG-Keramik-05.jpg,assets/wolfgang-grope/WG-Keramik-05.jpg,Keramik,—,Keramik,—,,,
wg-keramik-06,Keramiken,WG-Keramik-06.jpg,assets/wolfgang-grope/WG-Keramik-06.jpg,Keramik,—,Keramik,—,,,
wg-keramik-07,Keramiken,WG-Keramik-07.jpg,assets/wolfgang-grope/WG-Keramik-07.jpg,Keramik,—,Keramik,—,,,
wg-keramik-08,Keramiken,WG-Keramik-08.jpg,assets/wolfgang-grope/WG-Keramik-08.jpg,Keramik,—,Keramik,—,,,
wg-keramik-09,Keramiken,WG-Keramik-09.jpg,assets/wolfgang-grope/WG-Keramik-09.jpg,Keramik,—,Keramik,—,,,
wg-keramik-10,Keramiken,WG-Keramik-10.jpg,assets/wolfgang-grope/WG-Keramik-10.jpg,Keramik,—,Keramik,—,,,
wg-keramik-11,Keramiken,WG-Keramik-11.jpg,assets/wolfgang-grope/WG-Keramik-11.jpg,Keramik,—,Keramik,—,,,
wg-keramik-12,Keramiken,WG-Keramik-12.jpg,assets/wolfgang-grope/WG-Keramik-12.jpg,Keramik,—,Keramik,—,,,
wg-keramik-13,Keramiken,WG-Keramik-13.jpg,assets/wolfgang-grope/WG-Keramik-13.jpg,Keramik,—,Keramik,—,,,
wg-keramik-14,Keramiken,WG-Keramik-14.jpg,assets/wolfgang-grope/WG-Keramik-14.jpg,Keramik,—,Keramik,—,,,
wg-keramik-15,Keramiken,WG-Keramik-15.jpg,assets/wolfgang-grope/WG-Keramik-15.jpg,Keramik,—,Keramik,—,,,
wg-keramik-16,Keramiken,WG-Keramik-16.jpg,assets/wolfgang-grope/WG-Keramik-16.jpg,Keramik,—,Keramik,—,,,
wg-keramik-17,Keramiken,WG-Keramik-17.jpg,assets/wolfgang-grope/WG-Keramik-17.jpg,Keramik,—,Keramik,—,,,
wg-keramik-18,Keramiken,WG-Keramik-18.jpg,assets/wolfgang-grope/WG-Keramik-18.jpg,Keramik,—,Keramik,—,,,
wg-keramik-19,Keramiken,WG-Keramik-19.jpg,assets/wolfgang-grope/WG-Keramik-19.jpg,Keramik,—,Keramik,—,,,
wg-keramik-20,Keramiken,WG-Keramik-20.jpg,assets/wolfgang-grope/WG-Keramik-20.jpg,Keramik,—,Keramik,—,,,
wg-keramik-21,Keramiken,WG-Keramik-21.jpg,assets/wolfgang-grope/WG-Keramik-21.jpg,Keramik,—,Keramik,—,,,
wg-keramik-22,Keramiken,WG-Keramik-22.jpg,assets/wolfgang-grope/WG-Keramik-22.jpg,Keramik,—,Keramik,—,,,
wg-keramik-23,Keramiken,WG-Keramik-23.jpg,assets/wolfgang-grope/WG-Keramik-23.jpg,Keramik,—,Keramik,—,,,
wg-keramik-24,Keramiken,WG-Keramik-24.jpg,assets/wolfgang-grope/WG-Keramik-24.jpg,Keramik,—,Keramik,—,,,
wg-keramik-25,Keramiken,WG-Keramik-25.jpg,assets/wolfgang-grope/WG-Keramik-25.jpg,Keramik,—,Keramik,—,,,
wg-keramik-26,Keramiken,WG-Keramik-26.jpg,assets/wolfgang-grope/WG-Keramik-26.jpg,Keramik,—,Keramik,—,,,
wg-keramik-27,Keramiken,WG-Keramik-27.jpg,assets/wolfgang-grope/WG-Keramik-27.jpg,Keramik,—,Keramik,—,,,
wg-keramik-28,Keramiken,WG-Keramik-28.jpg,assets/wolfgang-grope/WG-Keramik-28.jpg,Keramik,—,Keramik,—,,,
wg-keramik-29,Keramiken,WG-Keramik-29.jpg,assets/wolfgang-grope/WG-Keramik-29.jpg,Keramik,—,Keramik,—,,,
wg-keramik-30,Keramiken,WG-Keramik-30.jpg,assets/wolfgang-grope/WG-Keramik-30.jpg,Keramik,—,Keramik,—,,,
wg-keramik-31,Keramiken,WG-Keramik-31.jpg,assets/wolfgang-grope/WG-Keramik-31.jpg,Keramik,—,Keramik,—,,,
wg-keramik-32,Keramiken,WG-Keramik-32.jpg,assets/wolfgang-grope/WG-Keramik-32.jpg,Keramik,—,Keramik,—,,,
wg-keramik-33,Keramiken,WG-Keramik-33.jpg,assets/wolfgang-grope/WG-Keramik-33.jpg,Keramik,—,Keramik,—,,,
wg-keramik-34,Keramiken,WG-Keramik-34.jpg,assets/wolfgang-grope/WG-Keramik-34.jpg,Keramik,—,Keramik,—,,,
wg-keramik-35,Keramiken,WG-Keramik-35.jpg,assets/wolfgang-grope/WG-Keramik-35.jpg,Keramik,—,Keramik,—,,,
wg-keramik-36,Keramiken,WG-Keramik-36.jpg,assets/wolfgang-grope/WG-Keramik-36.jpg,Keramik,—,Keramik,—,,,
wg-keramik-37,Keramiken,WG-Keramik-37.jpg,assets/wolfgang-grope/WG-Keramik-37.jpg,Keramik,—,Keramik,—,,,
wg-keramik-38,Keramiken,WG-Keramik-38.jpg,assets/wolfgang-grope/WG-Keramik-38.jpg,Keramik,—,Keramik,—,,,
wg-keramik-39,Keramiken,WG-Keramik-39.jpg,assets/wolfgang-grope/WG-Keramik-39.jpg,Keramik,—,Keramik,—,,,
wg-keramik-40,Keramiken,WG-Keramik-40.jpg,assets/wolfgang-grope/WG-Keramik-40.jpg,Keramik,—,Keramik,—,,,
wg-keramik-41,Keramiken,WG-Keramik-41.jpg,assets/wolfgang-grope/WG-Keramik-41.jpg,Keramik,—,Keramik,—,,,
wg-keramik-42,Keramiken,WG-Keramik-42.jpg,assets/wolfgang-grope/WG-Keramik-42.jpg,Keramik,—,Keramik,—,,,
wg-keramik-43,Keramiken,WG-Keramik-43.jpg,assets/wolfgang-grope/WG-Keramik-43.jpg,Keramik,—,Keramik,—,,,
wg-keramik-44,Keramiken,WG-Keramik-44.jpg,assets/wolfgang-grope/WG-Keramik-44.jpg,Keramik,—,Keramik,—,,,
wg-keramik-45,Keramiken,WG-Keramik-45.jpg,assets/wolfgang-grope/WG-Keramik-45.jpg,Keramik,—,Keramik,—,,,
wg-keramik-46,Keramiken,WG-Keramik-46.jpg,assets/wolfgang-grope/WG-Keramik-46.jpg,Keramik,—,Keramik,—,,,
wg-keramik-47,Keramiken,WG-Keramik-47.jpg,assets/wolfgang-grope/WG-Keramik-47.jpg,Keramik,—,Keramik,—,,,
wg-keramik-48,Keramiken,WG-Keramik-48.jpg,assets/wolfgang-grope/WG-Keramik-48.jpg,Keramik,—,Keramik,—,,,
wg-keramik-49,Keramiken,WG-Keramik-49.jpg,assets/wolfgang-grope/WG-Keramik-49.jpg,Keramik,—,Keramik,—,,,
wg-keramik-50,Keramiken,WG-Keramik-50.jpg,assets/wolfgang-grope/WG-Keramik-50.jpg,Keramik,—,Keramik,—,,,
wg-keramik-51,Keramiken,WG-Keramik-51.jpg,assets/wolfgang-grope/WG-Keramik-51.jpg,Keramik,—,Keramik,—,,,
wg-keramik-52,Keramiken,WG-Keramik-52.jpg,assets/wolfgang-grope/WG-Keramik-52.jpg,Keramik,—,Keramik,—,,,
wg-keramik-53,Keramiken,WG-Keramik-53.jpg,assets/wolfgang-grope/WG-Keramik-53.jpg,Keramik,—,Keramik,—,,,
wg-keramik-54,Keramiken,WG-Keramik-54.jpg,assets/wolfgang-grope/WG-Keramik-54.jpg,Keramik,—,Keramik,—,,,
wg-keramik-55,Keramiken,WG-Keramik-55.jpg,assets/wolfgang-grope/WG-Keramik-55.jpg,Keramik,—,Keramik,—,,,
wg-keramik-56,Keramiken,WG-Keramik-56.jpg,assets/wolfgang-grope/WG-Keramik-56.jpg,Keramik,—,Keramik,—,,,
wg-keramik-57,Keramiken,WG-Keramik-57.jpg,assets/wolfgang-grope/WG-Keramik-57.jpg,Keramik,—,Keramik,—,,,
wg-keramik-58,Keramiken,WG-Keramik-58.jpg,assets/wolfgang-grope/WG-Keramik-58.jpg,Keramik,—,Keramik,—,,,
wg-keramik-59,Keramiken,WG-Keramik-59.jpg,assets/wolfgang-grope/WG-Keramik-59.jpg,Keramik,—,Keramik,—,,,
wg-keramik-60,Keramiken,WG-Keramik-60.jpg,assets/wolfgang-grope/WG-Keramik-60.jpg,Keramik,—,Keramik,—,,,
wg-keramik-61,Keramiken,WG-Keramik-61.jpg,assets/wolfgang-grope/WG-Keramik-61.jpg,Keramik,—,Keramik,—,,,
wg-keramik-62,Keramiken,WG-Keramik-62.jpg,assets/wolfgang-grope/WG-Keramik-62.jpg,Keramik,—,Keramik,—,,,
wg-keramik-63,Keramiken,WG-Keramik-63.jpg,assets/wolfgang-grope/WG-Keramik-63.jpg,Keramik,—,Keramik,—,,,
wg-keramik-64,Keramiken,WG-Keramik-64.jpg,assets/wolfgang-grope/WG-Keramik-64.jpg,Keramik,—,Keramik,—,,,
wg-keramik-65,Keramiken,WG-Keramik-65.jpg,assets/wolfgang-grope/WG-Keramik-65.jpg,Keramik,—,Keramik,—,,,
wg-keramik-66,Keramiken,WG-Keramik-66.jpg,assets/wolfgang-grope/WG-Keramik-66.jpg,Keramik,—,Keramik,—,,,
wg-keramik-67,Keramiken,WG-Keramik-67.jpg,assets/wolfgang-grope/WG-Keramik-67.jpg,Keramik,—,Keramik,—,,,
